fen,move_rank,move
rnbqkbnr/pppppppp/8/8/8/8/PPPPPPPP/RNBQKBNR w KQkq - 0 1,1,"{'Move': 'd2d4', 'Centipawn': 28, 'Mate': None}"
rnbqkbnr/pppppppp/8/8/8/8/PPPPPPPP/RNBQKBNR w KQkq - 0 1,2,"{'Move': 'g1f3', 'Centipawn': 26, 'Mate': None}"
rnbqkbnr/pppppppp/8/8/8/8/PPPPPPPP/RNBQKBNR w KQkq - 0 1,3,"{'Move': 'e2e4', 'Centipawn': 25, 'Mate': None}"
rnbqkbnr/pppppppp/8/8/4P3/8/PPPP1PPP/RNBQKBNR b KQkq - 0 1,1,"{'Move': 'e7e5', 'Centipawn': 24, 'Mate': None}"
rnbqkbnr/pppppppp/8/8/4P3/8/PPPP1PPP/RNBQKBNR b KQkq - 0 1,2,"{'Move': 'c7c6', 'Centipawn': 33, 'Mate': None}"
rnbqkbnr/pppppppp/8/8/4P3/8/PPPP1PPP/RNBQKBNR b KQkq - 0 1,3,"{'Move': 'c7c5', 'Centipawn': 34, 'Mate': None}"
rnbqkbnr/pppp1ppp/4p3/8/4P3/8/PPPP1PPP/RNBQKBNR w KQkq - 0 2,1,"{'Move': 'd2d4', 'Centipawn': 36, 'Mate': None}"
rnbqkbnr/pppp1ppp/4p3/8/4P3/8/PPPP1PPP/RNBQKBNR w KQkq - 0 2,2,"{'Move': 'b1c3', 'Centipawn': 27, 'Mate': None}"
rnbqkbnr/pppp1ppp/4p3/8/4P3/8/PPPP1PPP/RNBQKBNR w KQkq - 0 2,3,"{'Move': 'g1f3', 'Centipawn': 24, 'Mate': None}"
rnbqkbnr/pppp1ppp/4p3/8/4P3/5N2/PPPP1PPP/RNBQKB1R b KQkq - 1 2,1,"{'Move': 'd7d5', 'Centipawn': 17, 'Mate': None}"
rnbqkbnr/pppp1ppp/4p3/8/4P3/5N2/PPPP1PPP/RNBQKB1R b KQkq - 1 2,2,"{'Move': 'c7c5', 'Centipawn': 43, 'Mate': None}"
rnbqkbnr/pppp1ppp/4p3/8/4P3/5N2/PPPP1PPP/RNBQKB1R b KQkq - 1 2,3,"{'Move': 'a7a6', 'Centipawn': 52, 'Mate': None}"
rnbqkbnr/ppp2ppp/4p3/3p4/4P3/5N2/PPPP1PPP/RNBQKB1R w KQkq - 0 3,1,"{'Move': 'e4e5', 'Centipawn': 20, 'Mate': None}"
rnbqkbnr/ppp2ppp/4p3/3p4/4P3/5N2/PPPP1PPP/RNBQKB1R w KQkq - 0 3,2,"{'Move': 'e4d5', 'Centipawn': 19, 'Mate': None}"
rnbqkbnr/ppp2ppp/4p3/3p4/4P3/5N2/PPPP1PPP/RNBQKB1R w KQkq - 0 3,3,"{'Move': 'b1c3', 'Centipawn': 5, 'Mate': None}"
rnbqkbnr/ppp2ppp/4p3/3P4/8/5N2/PPPP1PPP/RNBQKB1R b KQkq - 0 3,1,"{'Move': 'e6d5', 'Centipawn': 22, 'Mate': None}"
rnbqkbnr/ppp2ppp/4p3/3P4/8/5N2/PPPP1PPP/RNBQKB1R b KQkq - 0 3,2,"{'Move': 'd8d5', 'Centipawn': 69, 'Mate': None}"
rnbqkbnr/ppp2ppp/4p3/3P4/8/5N2/PPPP1PPP/RNBQKB1R b KQkq - 0 3,3,"{'Move': 'g8f6', 'Centipawn': 112, 'Mate': None}"
rnbqkbnr/ppp2ppp/8/3p4/8/5N2/PPPP1PPP/RNBQKB1R w KQkq - 0 4,1,"{'Move': 'd2d4', 'Centipawn': 19, 'Mate': None}"
rnbqkbnr/ppp2ppp/8/3p4/8/5N2/PPPP1PPP/RNBQKB1R w KQkq - 0 4,2,"{'Move': 'h2h3', 'Centipawn': 13, 'Mate': None}"
rnbqkbnr/ppp2ppp/8/3p4/8/5N2/PPPP1PPP/RNBQKB1R w KQkq - 0 4,3,"{'Move': 'f1e2', 'Centipawn': 0, 'Mate': None}"
rnbqkbnr/ppp2ppp/8/3p4/3P4/5N2/PPP2PPP/RNBQKB1R b KQkq - 0 4,1,"{'Move': 'b8c6', 'Centipawn': 20, 'Mate': None}"
rnbqkbnr/ppp2ppp/8/3p4/3P4/5N2/PPP2PPP/RNBQKB1R b KQkq - 0 4,2,"{'Move': 'f8d6', 'Centipawn': 21, 'Mate': None}"
rnbqkbnr/ppp2ppp/8/3p4/3P4/5N2/PPP2PPP/RNBQKB1R b KQkq - 0 4,3,"{'Move': 'g8f6', 'Centipawn': 23, 'Mate': None}"
rnbqkb1r/ppp2ppp/5n2/3p4/3P4/5N2/PPP2PPP/RNBQKB1R w KQkq - 1 5,1,"{'Move': 'f1d3', 'Centipawn': 19, 'Mate': None}"
rnbqkb1r/ppp2ppp/5n2/3p4/3P4/5N2/PPP2PPP/RNBQKB1R w KQkq - 1 5,2,"{'Move': 'h2h3', 'Centipawn': 10, 'Mate': None}"
rnbqkb1r/ppp2ppp/5n2/3p4/3P4/5N2/PPP2PPP/RNBQKB1R w KQkq - 1 5,3,"{'Move': 'f1b5', 'Centipawn': 8, 'Mate': None}"
rnbqkb1r/ppp2ppp/5n2/1B1p4/3P4/5N2/PPP2PPP/RNBQK2R b KQkq - 2 5,1,"{'Move': 'c7c6', 'Centipawn': 0, 'Mate': None}"
rnbqkb1r/ppp2ppp/5n2/1B1p4/3P4/5N2/PPP2PPP/RNBQK2R b KQkq - 2 5,2,"{'Move': 'b8d7', 'Centipawn': 15, 'Mate': None}"
rnbqkb1r/ppp2ppp/5n2/1B1p4/3P4/5N2/PPP2PPP/RNBQK2R b KQkq - 2 5,3,"{'Move': 'c8d7', 'Centipawn': 21, 'Mate': None}"
rn1qkb1r/pppb1ppp/5n2/1B1p4/3P4/5N2/PPP2PPP/RNBQK2R w KQkq - 3 6,1,"{'Move': 'b5d3', 'Centipawn': 18, 'Mate': None}"
rn1qkb1r/pppb1ppp/5n2/1B1p4/3P4/5N2/PPP2PPP/RNBQK2R w KQkq - 3 6,2,"{'Move': 'b5d7', 'Centipawn': 3, 'Mate': None}"
rn1qkb1r/pppb1ppp/5n2/1B1p4/3P4/5N2/PPP2PPP/RNBQK2R w KQkq - 3 6,3,"{'Move': 'b5e2', 'Centipawn': 0, 'Mate': None}"
rn1qkb1r/pppB1ppp/5n2/3p4/3P4/5N2/PPP2PPP/RNBQK2R b KQkq - 0 6,1,"{'Move': 'b8d7', 'Centipawn': -2, 'Mate': None}"
rn1qkb1r/pppB1ppp/5n2/3p4/3P4/5N2/PPP2PPP/RNBQK2R b KQkq - 0 6,2,"{'Move': 'd8d7', 'Centipawn': 8, 'Mate': None}"
rn1qkb1r/pppB1ppp/5n2/3p4/3P4/5N2/PPP2PPP/RNBQK2R b KQkq - 0 6,3,"{'Move': 'f6d7', 'Centipawn': 29, 'Mate': None}"
r2qkb1r/pppn1ppp/5n2/3p4/3P4/5N2/PPP2PPP/RNBQK2R w KQkq - 0 7,1,"{'Move': 'e1g1', 'Centipawn': 1, 'Mate': None}"
r2qkb1r/pppn1ppp/5n2/3p4/3P4/5N2/PPP2PPP/RNBQK2R w KQkq - 0 7,2,"{'Move': 'a2a4', 'Centipawn': -10, 'Mate': None}"
r2qkb1r/pppn1ppp/5n2/3p4/3P4/5N2/PPP2PPP/RNBQK2R w KQkq - 0 7,3,"{'Move': 'd1d3', 'Centipawn': -11, 'Mate': None}"
r2qkb1r/pppn1ppp/5n2/3p4/3P4/5N2/PPP2PPP/RNBQ1RK1 b kq - 1 7,1,"{'Move': 'f8e7', 'Centipawn': -1, 'Mate': None}"
r2qkb1r/pppn1ppp/5n2/3p4/3P4/5N2/PPP2PPP/RNBQ1RK1 b kq - 1 7,2,"{'Move': 'c7c6', 'Centipawn': 23, 'Mate': None}"
r2qkb1r/pppn1ppp/5n2/3p4/3P4/5N2/PPP2PPP/RNBQ1RK1 b kq - 1 7,3,"{'Move': 'a7a6', 'Centipawn': 36, 'Mate': None}"
r2qkb1r/pp1n1ppp/5n2/2pp4/3P4/5N2/PPP2PPP/RNBQ1RK1 w kq - 0 8,1,"{'Move': 'f1e1', 'Centipawn': 149, 'Mate': None}"
r2qkb1r/pp1n1ppp/5n2/2pp4/3P4/5N2/PPP2PPP/RNBQ1RK1 w kq - 0 8,2,"{'Move': 'd1e2', 'Centipawn': 144, 'Mate': None}"
r2qkb1r/pp1n1ppp/5n2/2pp4/3P4/5N2/PPP2PPP/RNBQ1RK1 w kq - 0 8,3,"{'Move': 'b1c3', 'Centipawn': 105, 'Mate': None}"
r2qkb1r/pp1n1ppp/5n2/2pp4/3P4/2P2N2/PP3PPP/RNBQ1RK1 b kq - 0 8,1,"{'Move': 'f8e7', 'Centipawn': 18, 'Mate': None}"
r2qkb1r/pp1n1ppp/5n2/2pp4/3P4/2P2N2/PP3PPP/RNBQ1RK1 b kq - 0 8,2,"{'Move': 'a7a5', 'Centipawn': 55, 'Mate': None}"
r2qkb1r/pp1n1ppp/5n2/2pp4/3P4/2P2N2/PP3PPP/RNBQ1RK1 b kq - 0 8,3,"{'Move': 'c5d4', 'Centipawn': 57, 'Mate': None}"
r2qk2r/pp1nbppp/5n2/2pp4/3P4/2P2N2/PP3PPP/RNBQ1RK1 w kq - 1 9,1,"{'Move': 'd4c5', 'Centipawn': 22, 'Mate': None}"
r2qk2r/pp1nbppp/5n2/2pp4/3P4/2P2N2/PP3PPP/RNBQ1RK1 w kq - 1 9,2,"{'Move': 'h2h3', 'Centipawn': 21, 'Mate': None}"
r2qk2r/pp1nbppp/5n2/2pp4/3P4/2P2N2/PP3PPP/RNBQ1RK1 w kq - 1 9,3,"{'Move': 'c1f4', 'Centipawn': 15, 'Mate': None}"
r2qk2r/pp1nbppp/5n2/2pp4/3P4/2P2N2/PP3PPP/RNBQR1K1 b kq - 2 9,1,"{'Move': 'e8g8', 'Centipawn': 7, 'Mate': None}"
r2qk2r/pp1nbppp/5n2/2pp4/3P4/2P2N2/PP3PPP/RNBQR1K1 b kq - 2 9,2,"{'Move': 'a7a5', 'Centipawn': 37, 'Mate': None}"
r2qk2r/pp1nbppp/5n2/2pp4/3P4/2P2N2/PP3PPP/RNBQR1K1 b kq - 2 9,3,"{'Move': 'c5d4', 'Centipawn': 52, 'Mate': None}"
r2q1rk1/pp1nbppp/5n2/2pp4/3P4/2P2N2/PP3PPP/RNBQR1K1 w - - 3 10,1,"{'Move': 'c1f4', 'Centipawn': 15, 'Mate': None}"
r2q1rk1/pp1nbppp/5n2/2pp4/3P4/2P2N2/PP3PPP/RNBQR1K1 w - - 3 10,2,"{'Move': 'b1d2', 'Centipawn': 6, 'Mate': None}"
r2q1rk1/pp1nbppp/5n2/2pp4/3P4/2P2N2/PP3PPP/RNBQR1K1 w - - 3 10,3,"{'Move': 'c1g5', 'Centipawn': 0, 'Mate': None}"
r2q1rk1/pp1nbppp/5n2/2Pp4/8/2P2N2/PP3PPP/RNBQR1K1 b - - 0 10,1,"{'Move': 'e7c5', 'Centipawn': -6, 'Mate': None}"
r2q1rk1/pp1nbppp/5n2/2Pp4/8/2P2N2/PP3PPP/RNBQR1K1 b - - 0 10,2,"{'Move': 'd7c5', 'Centipawn': 16, 'Mate': None}"
r2q1rk1/pp1nbppp/5n2/2Pp4/8/2P2N2/PP3PPP/RNBQR1K1 b - - 0 10,3,"{'Move': 'a8c8', 'Centipawn': 117, 'Mate': None}"
r2q1rk1/pp1n1ppp/5n2/2bp4/8/2P2N2/PP3PPP/RNBQR1K1 w - - 0 11,1,"{'Move': 'e1e2', 'Centipawn': -3, 'Mate': None}"
r2q1rk1/pp1n1ppp/5n2/2bp4/8/2P2N2/PP3PPP/RNBQR1K1 w - - 0 11,2,"{'Move': 'c1e3', 'Centipawn': -4, 'Mate': None}"
r2q1rk1/pp1n1ppp/5n2/2bp4/8/2P2N2/PP3PPP/RNBQR1K1 w - - 0 11,3,"{'Move': 'f3d4', 'Centipawn': -21, 'Mate': None}"
r2q1rk1/pp1n1ppp/5n2/2bp4/1P6/2P2N2/P4PPP/RNBQR1K1 b - - 0 11,1,"{'Move': 'c5d6', 'Centipawn': -22, 'Mate': None}"
r2q1rk1/pp1n1ppp/5n2/2bp4/1P6/2P2N2/P4PPP/RNBQR1K1 b - - 0 11,2,"{'Move': 'c5b6', 'Centipawn': -21, 'Mate': None}"
r2q1rk1/pp1n1ppp/5n2/2bp4/1P6/2P2N2/P4PPP/RNBQR1K1 b - - 0 11,3,"{'Move': 'c5e7', 'Centipawn': 8, 'Mate': None}"
r2q1rk1/pp1nbppp/5n2/3p4/1P6/2P2N2/P4PPP/RNBQR1K1 w - - 1 12,1,"{'Move': 'c1e3', 'Centipawn': 10, 'Mate': None}"
r2q1rk1/pp1nbppp/5n2/3p4/1P6/2P2N2/P4PPP/RNBQR1K1 w - - 1 12,2,"{'Move': 'd1b3', 'Centipawn': 8, 'Mate': None}"
r2q1rk1/pp1nbppp/5n2/3p4/1P6/2P2N2/P4PPP/RNBQR1K1 w - - 1 12,3,"{'Move': 'c1f4', 'Centipawn': 6, 'Mate': None}"
r2q1rk1/pp1nbppp/5n2/3p4/1P6/2P2N2/P2N1PPP/R1BQR1K1 b - - 2 12,1,"{'Move': 'f8e8', 'Centipawn': -32, 'Mate': None}"
r2q1rk1/pp1nbppp/5n2/3p4/1P6/2P2N2/P2N1PPP/R1BQR1K1 b - - 2 12,2,"{'Move': 'e7d6', 'Centipawn': -22, 'Mate': None}"
r2q1rk1/pp1nbppp/5n2/3p4/1P6/2P2N2/P2N1PPP/R1BQR1K1 b - - 2 12,3,"{'Move': 'a8c8', 'Centipawn': -14, 'Mate': None}"
r2qr1k1/pp1nbppp/5n2/3p4/1P6/2P2N2/P2N1PPP/R1BQR1K1 w - - 3 13,1,"{'Move': 'a2a4', 'Centipawn': -30, 'Mate': None}"
r2qr1k1/pp1nbppp/5n2/3p4/1P6/2P2N2/P2N1PPP/R1BQR1K1 w - - 3 13,2,"{'Move': 'd1b3', 'Centipawn': -32, 'Mate': None}"
r2qr1k1/pp1nbppp/5n2/3p4/1P6/2P2N2/P2N1PPP/R1BQR1K1 w - - 3 13,3,"{'Move': 'c1b2', 'Centipawn': -33, 'Mate': None}"
r2qr1k1/pp1nbppp/5n2/3p4/1P1N4/2P5/P2N1PPP/R1BQR1K1 b - - 4 13,1,"{'Move': 'a8c8', 'Centipawn': -64, 'Mate': None}"
r2qr1k1/pp1nbppp/5n2/3p4/1P1N4/2P5/P2N1PPP/R1BQR1K1 b - - 4 13,2,"{'Move': 'd8c7', 'Centipawn': -63, 'Mate': None}"
r2qr1k1/pp1nbppp/5n2/3p4/1P1N4/2P5/P2N1PPP/R1BQR1K1 b - - 4 13,3,"{'Move': 'h7h6', 'Centipawn': -57, 'Mate': None}"
r2qrbk1/pp1n1ppp/5n2/3p4/1P1N4/2P5/P2N1PPP/R1BQR1K1 w - - 5 14,1,"{'Move': 'e1e8', 'Centipawn': -28, 'Mate': None}"
r2qrbk1/pp1n1ppp/5n2/3p4/1P1N4/2P5/P2N1PPP/R1BQR1K1 w - - 5 14,2,"{'Move': 'd2f3', 'Centipawn': -44, 'Mate': None}"
r2qrbk1/pp1n1ppp/5n2/3p4/1P1N4/2P5/P2N1PPP/R1BQR1K1 w - - 5 14,3,"{'Move': 'd2f1', 'Centipawn': -46, 'Mate': None}"
r2qrbk1/pp1n1ppp/5n2/3p4/1P1N4/2P2N2/P4PPP/R1BQR1K1 b - - 6 14,1,"{'Move': 'f6e4', 'Centipawn': -42, 'Mate': None}"
r2qrbk1/pp1n1ppp/5n2/3p4/1P1N4/2P2N2/P4PPP/R1BQR1K1 b - - 6 14,2,"{'Move': 'd8c7', 'Centipawn': -39, 'Mate': None}"
r2qrbk1/pp1n1ppp/5n2/3p4/1P1N4/2P2N2/P4PPP/R1BQR1K1 b - - 6 14,3,"{'Move': 'e8e1', 'Centipawn': -36, 'Mate': None}"
r3rbk1/ppqn1ppp/5n2/3p4/1P1N4/2P2N2/P4PPP/R1BQR1K1 w - - 7 15,1,"{'Move': 'e1e8', 'Centipawn': -36, 'Mate': None}"
r3rbk1/ppqn1ppp/5n2/3p4/1P1N4/2P2N2/P4PPP/R1BQR1K1 w - - 7 15,2,"{'Move': 'd4e2', 'Centipawn': -47, 'Mate': None}"
r3rbk1/ppqn1ppp/5n2/3p4/1P1N4/2P2N2/P4PPP/R1BQR1K1 w - - 7 15,3,"{'Move': 'c1d2', 'Centipawn': -54, 'Mate': None}"
r3rbk1/ppqn1ppp/5n2/3p4/1P1N4/2P2N2/PB3PPP/R2QR1K1 b - - 8 15,1,"{'Move': 'f6e4', 'Centipawn': -86, 'Mate': None}"
r3rbk1/ppqn1ppp/5n2/3p4/1P1N4/2P2N2/PB3PPP/R2QR1K1 b - - 8 15,2,"{'Move': 'd7b6', 'Centipawn': -83, 'Mate': None}"
r3rbk1/ppqn1ppp/5n2/3p4/1P1N4/2P2N2/PB3PPP/R2QR1K1 b - - 8 15,3,"{'Move': 'e8e1', 'Centipawn': -78, 'Mate': None}"
r3rbk1/ppqn1ppp/8/3p4/1P1Nn3/2P2N2/PB3PPP/R2QR1K1 w - - 9 16,1,"{'Move': 'd4f5', 'Centipawn': -80, 'Mate': None}"
r3rbk1/ppqn1ppp/8/3p4/1P1Nn3/2P2N2/PB3PPP/R2QR1K1 w - - 9 16,2,"{'Move': 'd4c2', 'Centipawn': -88, 'Mate': None}"
r3rbk1/ppqn1ppp/8/3p4/1P1Nn3/2P2N2/PB3PPP/R2QR1K1 w - - 9 16,3,"{'Move': 'f3d2', 'Centipawn': -92, 'Mate': None}"
r3rbk1/ppqn1ppp/8/3p4/1P1Nn3/2P2N2/PB3PPP/2RQR1K1 b - - 10 16,1,"{'Move': 'd7b6', 'Centipawn': -104, 'Mate': None}"
r3rbk1/ppqn1ppp/8/3p4/1P1Nn3/2P2N2/PB3PPP/2RQR1K1 b - - 10 16,2,"{'Move': 'g7g6', 'Centipawn': -87, 'Mate': None}"
r3rbk1/ppqn1ppp/8/3p4/1P1Nn3/2P2N2/PB3PPP/2RQR1K1 b - - 10 16,3,"{'Move': 'a8d8', 'Centipawn': -81, 'Mate': None}"
r3rbk1/ppq2ppp/1n6/3p4/1P1Nn3/2P2N2/PB3PPP/2RQR1K1 w - - 11 17,1,"{'Move': 'c1c2', 'Centipawn': -108, 'Mate': None}"
r3rbk1/ppq2ppp/1n6/3p4/1P1Nn3/2P2N2/PB3PPP/2RQR1K1 w - - 11 17,2,"{'Move': 'f3d2', 'Centipawn': -112, 'Mate': None}"
r3rbk1/ppq2ppp/1n6/3p4/1P1Nn3/2P2N2/PB3PPP/2RQR1K1 w - - 11 17,3,"{'Move': 'b2a1', 'Centipawn': -120, 'Mate': None}"
r3rbk1/ppq2ppp/1n6/1N1p4/1P2n3/2P2N2/PB3PPP/2RQR1K1 b - - 12 17,1,"{'Move': 'c7c4', 'Centipawn': -173, 'Mate': None}"
r3rbk1/ppq2ppp/1n6/1N1p4/1P2n3/2P2N2/PB3PPP/2RQR1K1 b - - 12 17,2,"{'Move': 'c7d7', 'Centipawn': -143, 'Mate': None}"
r3rbk1/ppq2ppp/1n6/1N1p4/1P2n3/2P2N2/PB3PPP/2RQR1K1 b - - 12 17,3,"{'Move': 'c7d8', 'Centipawn': -109, 'Mate': None}"
r3rbk1/pp3ppp/1nq5/1N1p4/1P2n3/2P2N2/PB3PPP/2RQR1K1 w - - 13 18,1,"{'Move': 'b5d4', 'Centipawn': -91, 'Mate': None}"
r3rbk1/pp3ppp/1nq5/1N1p4/1P2n3/2P2N2/PB3PPP/2RQR1K1 w - - 13 18,2,"{'Move': 'f3d4', 'Centipawn': -143, 'Mate': None}"
r3rbk1/pp3ppp/1nq5/1N1p4/1P2n3/2P2N2/PB3PPP/2RQR1K1 w - - 13 18,3,"{'Move': 'd1d3', 'Centipawn': -157, 'Mate': None}"
r3rbk1/pp3ppp/1nq5/1N1p4/1P1Nn3/2P5/PB3PPP/2RQR1K1 b - - 14 18,1,"{'Move': 'c6d7', 'Centipawn': -152, 'Mate': None}"
r3rbk1/pp3ppp/1nq5/1N1p4/1P1Nn3/2P5/PB3PPP/2RQR1K1 b - - 14 18,2,"{'Move': 'c6c8', 'Centipawn': -126, 'Mate': None}"
r3rbk1/pp3ppp/1nq5/1N1p4/1P1Nn3/2P5/PB3PPP/2RQR1K1 b - - 14 18,3,"{'Move': 'c6c4', 'Centipawn': -106, 'Mate': None}"
r1q1rbk1/pp3ppp/1n6/1N1p4/1P1Nn3/2P5/PB3PPP/2RQR1K1 w - - 15 19,1,"{'Move': 'c1c2', 'Centipawn': -130, 'Mate': None}"
r1q1rbk1/pp3ppp/1n6/1N1p4/1P1Nn3/2P5/PB3PPP/2RQR1K1 w - - 15 19,2,"{'Move': 'b5a3', 'Centipawn': -132, 'Mate': None}"
r1q1rbk1/pp3ppp/1n6/1N1p4/1P1Nn3/2P5/PB3PPP/2RQR1K1 w - - 15 19,3,"{'Move': 'd1b3', 'Centipawn': -134, 'Mate': None}"
r1q1rbk1/pp3ppp/1n6/1N1p4/PP1Nn3/2P5/1B3PPP/2RQR1K1 b - - 0 19,1,"{'Move': 'b6c4', 'Centipawn': -258, 'Mate': None}"
r1q1rbk1/pp3ppp/1n6/1N1p4/PP1Nn3/2P5/1B3PPP/2RQR1K1 b - - 0 19,2,"{'Move': 'g7g6', 'Centipawn': -146, 'Mate': None}"
r1q1rbk1/pp3ppp/1n6/1N1p4/PP1Nn3/2P5/1B3PPP/2RQR1K1 b - - 0 19,3,"{'Move': 'a7a6', 'Centipawn': -135, 'Mate': None}"
r1q1rbk1/pp3ppp/8/1N1p4/PPnNn3/2P5/1B3PPP/2RQR1K1 w - - 1 20,1,"{'Move': 'd1b3', 'Centipawn': -255, 'Mate': None}"
r1q1rbk1/pp3ppp/8/1N1p4/PPnNn3/2P5/1B3PPP/2RQR1K1 w - - 1 20,2,"{'Move': 'd1c2', 'Centipawn': -260, 'Mate': None}"
r1q1rbk1/pp3ppp/8/1N1p4/PPnNn3/2P5/1B3PPP/2RQR1K1 w - - 1 20,3,"{'Move': 'd1e2', 'Centipawn': -262, 'Mate': None}"
r1q1rbk1/pp3ppp/8/1N1p4/PPnNn3/2P5/5PPP/B1RQR1K1 b - - 2 20,1,"{'Move': 'a7a6', 'Centipawn': -463, 'Mate': None}"
r1q1rbk1/pp3ppp/8/1N1p4/PPnNn3/2P5/5PPP/B1RQR1K1 b - - 2 20,2,"{'Move': 'e4f2', 'Centipawn': -269, 'Mate': None}"
r1q1rbk1/pp3ppp/8/1N1p4/PPnNn3/2P5/5PPP/B1RQR1K1 b - - 2 20,3,"{'Move': 'c8d7', 'Centipawn': -190, 'Mate': None}"
r1q1rbk1/1p3ppp/p7/1N1p4/PPnNn3/2P5/5PPP/B1RQR1K1 w - - 0 21,1,"{'Move': 'd4c2', 'Centipawn': -462, 'Mate': None}"
r1q1rbk1/1p3ppp/p7/1N1p4/PPnNn3/2P5/5PPP/B1RQR1K1 w - - 0 21,2,"{'Move': 'd4f3', 'Centipawn': -464, 'Mate': None}"
r1q1rbk1/1p3ppp/p7/1N1p4/PPnNn3/2P5/5PPP/B1RQR1K1 w - - 0 21,3,"{'Move': 'b5a3', 'Centipawn': -485, 'Mate': None}"
r1q1rbk1/1p3ppp/p7/1N1p4/PPnNn3/2P2P2/6PP/B1RQR1K1 b - - 0 21,1,"{'Move': 'e4f6', 'Centipawn': -496, 'Mate': None}"
r1q1rbk1/1p3ppp/p7/1N1p4/PPnNn3/2P2P2/6PP/B1RQR1K1 b - - 0 21,2,"{'Move': 'a6b5', 'Centipawn': -361, 'Mate': None}"
r1q1rbk1/1p3ppp/p7/1N1p4/PPnNn3/2P2P2/6PP/B1RQR1K1 b - - 0 21,3,"{'Move': 'e4g5', 'Centipawn': -355, 'Mate': None}"
r1q1rbk1/1p3ppp/8/1p1p4/PPnNn3/2P2P2/6PP/B1RQR1K1 w - - 0 22,1,"{'Move': 'f3e4', 'Centipawn': -373, 'Mate': None}"
r1q1rbk1/1p3ppp/8/1p1p4/PPnNn3/2P2P2/6PP/B1RQR1K1 w - - 0 22,2,"{'Move': 'd4b5', 'Centipawn': -480, 'Mate': None}"
r1q1rbk1/1p3ppp/8/1p1p4/PPnNn3/2P2P2/6PP/B1RQR1K1 w - - 0 22,3,"{'Move': 'c1c2', 'Centipawn': -491, 'Mate': None}"
r1q1rbk1/1p3ppp/8/1p1p4/PPnNP3/2P5/6PP/B1RQR1K1 b - - 0 22,1,"{'Move': 'b5a4', 'Centipawn': -355, 'Mate': None}"
r1q1rbk1/1p3ppp/8/1p1p4/PPnNP3/2P5/6PP/B1RQR1K1 b - - 0 22,2,"{'Move': 'd5e4', 'Centipawn': -300, 'Mate': None}"
r1q1rbk1/1p3ppp/8/1p1p4/PPnNP3/2P5/6PP/B1RQR1K1 b - - 0 22,3,"{'Move': 'a8a4', 'Centipawn': -291, 'Mate': None}"
r1q1rbk1/1p3ppp/8/1p6/PPnNp3/2P5/6PP/B1RQR1K1 w - - 0 23,1,"{'Move': 'a4a5', 'Centipawn': -306, 'Mate': None}"
r1q1rbk1/1p3ppp/8/1p6/PPnNp3/2P5/6PP/B1RQR1K1 w - - 0 23,2,"{'Move': 'a4b5', 'Centipawn': -317, 'Mate': None}"
r1q1rbk1/1p3ppp/8/1p6/PPnNp3/2P5/6PP/B1RQR1K1 w - - 0 23,3,"{'Move': 'd4b5', 'Centipawn': -326, 'Mate': None}"
r1q1rbk1/1p3ppp/8/1N6/PPn1p3/2P5/6PP/B1RQR1K1 b - - 0 23,1,"{'Move': 'e4e3', 'Centipawn': -346, 'Mate': None}"
r1q1rbk1/1p3ppp/8/1N6/PPn1p3/2P5/6PP/B1RQR1K1 b - - 0 23,2,"{'Move': 'a8a6', 'Centipawn': -337, 'Mate': None}"
r1q1rbk1/1p3ppp/8/1N6/PPn1p3/2P5/6PP/B1RQR1K1 b - - 0 23,3,"{'Move': 'f8e7', 'Centipawn': -314, 'Mate': None}"
r1q1rbk1/1p3ppp/8/1N6/PPn5/2P1p3/6PP/B1RQR1K1 w - - 0 24,1,"{'Move': 'e1e2', 'Centipawn': -337, 'Mate': None}"
r1q1rbk1/1p3ppp/8/1N6/PPn5/2P1p3/6PP/B1RQR1K1 w - - 0 24,2,"{'Move': 'b5d4', 'Centipawn': -349, 'Mate': None}"
r1q1rbk1/1p3ppp/8/1N6/PPn5/2P1p3/6PP/B1RQR1K1 w - - 0 24,3,"{'Move': 'd1c2', 'Centipawn': -353, 'Mate': None}"
r1q1rbk1/1p3ppp/8/PN6/1Pn5/2P1p3/6PP/B1RQR1K1 b - - 0 24,1,"{'Move': 'a8a6', 'Centipawn': -343, 'Mate': None}"
r1q1rbk1/1p3ppp/8/PN6/1Pn5/2P1p3/6PP/B1RQR1K1 b - - 0 24,2,"{'Move': 'h7h5', 'Centipawn': -329, 'Mate': None}"
r1q1rbk1/1p3ppp/8/PN6/1Pn5/2P1p3/6PP/B1RQR1K1 b - - 0 24,3,"{'Move': 'f8e7', 'Centipawn': -319, 'Mate': None}"
r3rbk1/1p3ppp/8/PN3q2/1Pn5/2P1p3/6PP/B1RQR1K1 w - - 1 25,1,"{'Move': 'b5d4', 'Centipawn': -270, 'Mate': None}"
r3rbk1/1p3ppp/8/PN3q2/1Pn5/2P1p3/6PP/B1RQR1K1 w - - 1 25,2,"{'Move': 'd1a4', 'Centipawn': -459, 'Mate': None}"
r3rbk1/1p3ppp/8/PN3q2/1Pn5/2P1p3/6PP/B1RQR1K1 w - - 1 25,3,"{'Move': 'b5c7', 'Centipawn': -489, 'Mate': None}"
r3rbk1/1p3ppp/8/P4q2/1PnN4/2P1p3/6PP/B1RQR1K1 b - - 2 25,1,"{'Move': 'f5f2', 'Centipawn': -272, 'Mate': None}"
r3rbk1/1p3ppp/8/P4q2/1PnN4/2P1p3/6PP/B1RQR1K1 b - - 2 25,2,"{'Move': 'f5g6', 'Centipawn': -239, 'Mate': None}"
r3rbk1/1p3ppp/8/P4q2/1PnN4/2P1p3/6PP/B1RQR1K1 b - - 2 25,3,"{'Move': 'f5c8', 'Centipawn': -232, 'Mate': None}"
r3rbk1/1p3ppp/8/P7/1PnN4/2P1p3/5qPP/B1RQR1K1 w - - 3 26,1,"{'Move': 'g1h1', 'Centipawn': -275, 'Mate': None}"
r3rbk1/1p3ppp/8/P7/1PnN4/2P1p3/5qPP/B1RQR2K b - - 4 26,1,"{'Move': 'c4d2', 'Centipawn': -276, 'Mate': None}"
r3rbk1/1p3ppp/8/P7/1PnN4/2P1p3/5qPP/B1RQR2K b - - 4 26,2,"{'Move': 'a8d8', 'Centipawn': -245, 'Mate': None}"
r3rbk1/1p3ppp/8/P7/1PnN4/2P1p3/5qPP/B1RQR2K b - - 4 26,3,"{'Move': 'f2h4', 'Centipawn': -244, 'Mate': None}"
3rrbk1/1p3ppp/8/P7/1PnN4/2P1p3/5qPP/B1RQR2K w - - 5 27,1,"{'Move': 'd1g4', 'Centipawn': -258, 'Mate': None}"
3rrbk1/1p3ppp/8/P7/1PnN4/2P1p3/5qPP/B1RQR2K w - - 5 27,2,"{'Move': 'e1e2', 'Centipawn': -271, 'Mate': None}"
3rrbk1/1p3ppp/8/P7/1PnN4/2P1p3/5qPP/B1RQR2K w - - 5 27,3,"{'Move': 'd1d3', 'Centipawn': -273, 'Mate': None}"
3rrbk1/1p3ppp/8/P7/1PnN4/2P1pQ2/5qPP/B1R1R2K b - - 6 27,1,"{'Move': 'c4d2', 'Centipawn': -334, 'Mate': None}"
3rrbk1/1p3ppp/8/P7/1PnN4/2P1pQ2/5qPP/B1R1R2K b - - 6 27,2,"{'Move': 'f2h4', 'Centipawn': -281, 'Mate': None}"
3rrbk1/1p3ppp/8/P7/1PnN4/2P1pQ2/5qPP/B1R1R2K b - - 6 27,3,"{'Move': 'f2f3', 'Centipawn': -260, 'Mate': None}"
3rrbk1/1p3ppp/8/P7/1PnN4/2P1pq2/6PP/B1R1R2K w - - 0 28,1,"{'Move': 'g2f3', 'Centipawn': -242, 'Mate': None}"
3rrbk1/1p3ppp/8/P7/1PnN4/2P1pq2/6PP/B1R1R2K w - - 0 28,2,"{'Move': 'd4f3', 'Centipawn': -286, 'Mate': None}"
3rrbk1/1p3ppp/8/P7/1PnN4/2P1pq2/6PP/B1R1R2K w - - 0 28,3,"{'Move': 'a5a6', 'Centipawn': -765, 'Mate': None}"
3rrbk1/1p3ppp/8/P7/1PnN4/2P1pP2/7P/B1R1R2K b - - 0 28,1,"{'Move': 'f7f5', 'Centipawn': -265, 'Mate': None}"
3rrbk1/1p3ppp/8/P7/1PnN4/2P1pP2/7P/B1R1R2K b - - 0 28,2,"{'Move': 'd8d5', 'Centipawn': -247, 'Mate': None}"
3rrbk1/1p3ppp/8/P7/1PnN4/2P1pP2/7P/B1R1R2K b - - 0 28,3,"{'Move': 'f8e7', 'Centipawn': -233, 'Mate': None}"
3rr1k1/1p2bppp/8/P7/1PnN4/2P1pP2/7P/B1R1R2K w - - 1 29,1,"{'Move': 'e1e2', 'Centipawn': -248, 'Mate': None}"
3rr1k1/1p2bppp/8/P7/1PnN4/2P1pP2/7P/B1R1R2K w - - 1 29,2,"{'Move': 'h1g1', 'Centipawn': -264, 'Mate': None}"
3rr1k1/1p2bppp/8/P7/1PnN4/2P1pP2/7P/B1R1R2K w - - 1 29,3,"{'Move': 'h1g2', 'Centipawn': -264, 'Mate': None}"
3rr1k1/1p2bppp/8/P7/1PnN4/2P1pP2/2R4P/B3R2K b - - 2 29,1,"{'Move': 'e7h4', 'Centipawn': -280, 'Mate': None}"
3rr1k1/1p2bppp/8/P7/1PnN4/2P1pP2/2R4P/B3R2K b - - 2 29,2,"{'Move': 'h7h5', 'Centipawn': -259, 'Mate': None}"
3rr1k1/1p2bppp/8/P7/1PnN4/2P1pP2/2R4P/B3R2K b - - 2 29,3,"{'Move': 'd8d5', 'Centipawn': -257, 'Mate': None}"
3rr1k1/1p3ppp/8/P5b1/1PnN4/2P1pP2/2R4P/B3R2K w - - 3 30,1,"{'Move': 'a1b2', 'Centipawn': -235, 'Mate': None}"
3rr1k1/1p3ppp/8/P5b1/1PnN4/2P1pP2/2R4P/B3R2K w - - 3 30,2,"{'Move': 'h2h3', 'Centipawn': -241, 'Mate': None}"
3rr1k1/1p3ppp/8/P5b1/1PnN4/2P1pP2/2R4P/B3R2K w - - 3 30,3,"{'Move': 'e1e2', 'Centipawn': -245, 'Mate': None}"
3rr1k1/1p3ppp/8/P5b1/1PnN4/2P1pP2/1BR4P/4R2K b - - 4 30,1,"{'Move': 'f7f5', 'Centipawn': -272, 'Mate': None}"
3rr1k1/1p3ppp/8/P5b1/1PnN4/2P1pP2/1BR4P/4R2K b - - 4 30,2,"{'Move': 'd8d5', 'Centipawn': -257, 'Mate': None}"
3rr1k1/1p3ppp/8/P5b1/1PnN4/2P1pP2/1BR4P/4R2K b - - 4 30,3,"{'Move': 'g5h4', 'Centipawn': -238, 'Mate': None}"
3rr1k1/1p3ppp/8/P3n1b1/1P1N4/2P1pP2/1BR4P/4R2K w - - 5 31,1,"{'Move': 'e1g1', 'Centipawn': -195, 'Mate': None}"
3rr1k1/1p3ppp/8/P3n1b1/1P1N4/2P1pP2/1BR4P/4R2K w - - 5 31,2,"{'Move': 'b2c1', 'Centipawn': -201, 'Mate': None}"
3rr1k1/1p3ppp/8/P3n1b1/1P1N4/2P1pP2/1BR4P/4R2K w - - 5 31,3,"{'Move': 'e1a1', 'Centipawn': -203, 'Mate': None}"
3rr1k1/1p3ppp/8/P3n1b1/1P1N4/2P1pP2/2R4P/2B1R2K b - - 6 31,1,"{'Move': 'f7f5', 'Centipawn': -210, 'Mate': None}"
3rr1k1/1p3ppp/8/P3n1b1/1P1N4/2P1pP2/2R4P/2B1R2K b - - 6 31,2,"{'Move': 'h7h6', 'Centipawn': -202, 'Mate': None}"
3rr1k1/1p3ppp/8/P3n1b1/1P1N4/2P1pP2/2R4P/2B1R2K b - - 6 31,3,"{'Move': 'e5d3', 'Centipawn': -194, 'Mate': None}"
3rr1k1/1p3ppp/8/P5b1/1P1N4/2PnpP2/2R4P/2B1R2K w - - 7 32,1,"{'Move': 'e1g1', 'Centipawn': -203, 'Mate': None}"
3rr1k1/1p3ppp/8/P5b1/1P1N4/2PnpP2/2R4P/2B1R2K w - - 7 32,2,"{'Move': 'e1e2', 'Centipawn': -274, 'Mate': None}"
3rr1k1/1p3ppp/8/P5b1/1P1N4/2PnpP2/2R4P/2B1R2K w - - 7 32,3,"{'Move': 'e1f1', 'Centipawn': -289, 'Mate': None}"
3rr1k1/1p3ppp/8/P5b1/1P1N4/2PnpP2/2R1R2P/2B4K b - - 8 32,1,"{'Move': 'h7h5', 'Centipawn': -291, 'Mate': None}"
3rr1k1/1p3ppp/8/P5b1/1P1N4/2PnpP2/2R1R2P/2B4K b - - 8 32,2,"{'Move': 'd8d5', 'Centipawn': -291, 'Mate': None}"
3rr1k1/1p3ppp/8/P5b1/1P1N4/2PnpP2/2R1R2P/2B4K b - - 8 32,3,"{'Move': 'g5f4', 'Centipawn': -236, 'Mate': None}"
3rr1k1/1p3ppp/8/P5b1/1P1N4/2P1pP2/2R1Rn1P/2B4K w - - 9 33,1,"{'Move': 'h1g1', 'Centipawn': -240, 'Mate': None}"
3rr1k1/1p3ppp/8/P5b1/1P1N4/2P1pP2/2R1Rn1P/2B4K w - - 9 33,2,"{'Move': 'h1g2', 'Centipawn': -242, 'Mate': None}"
3rr1k1/1p3ppp/8/P5b1/1P1N4/2P1pP2/2R1Rn1P/2B4K w - - 9 33,3,"{'Move': 'e2f2', 'Centipawn': -471, 'Mate': None}"
3rr1k1/1p3ppp/8/P5b1/1P1N4/2P1pP2/2R1RnKP/2B5 b - - 10 33,1,"{'Move': 'f2d3', 'Centipawn': -221, 'Mate': None}"
3rr1k1/1p3ppp/8/P5b1/1P1N4/2P1pP2/2R1RnKP/2B5 b - - 10 33,2,"{'Move': 'f2d1', 'Centipawn': -14, 'Mate': None}"
3rr1k1/1p3ppp/8/P5b1/1P1N4/2P1pP2/2R1RnKP/2B5 b - - 10 33,3,"{'Move': 'g5h6', 'Centipawn': 166, 'Mate': None}"
3rr1k1/1p3ppp/7b/P7/1P1N4/2P1pP2/2R1RnKP/2B5 w - - 11 34,1,"{'Move': 'd4f5', 'Centipawn': 185, 'Mate': None}"
3rr1k1/1p3ppp/7b/P7/1P1N4/2P1pP2/2R1RnKP/2B5 w - - 11 34,2,"{'Move': 'f3f4', 'Centipawn': 63, 'Mate': None}"
3rr1k1/1p3ppp/7b/P7/1P1N4/2P1pP2/2R1RnKP/2B5 w - - 11 34,3,"{'Move': 'g2f1', 'Centipawn': 19, 'Mate': None}"
3rr1k1/1p3ppp/7b/P7/1P1N4/2P1pP2/R3RnKP/2B5 b - - 12 34,1,"{'Move': 'f2d3', 'Centipawn': -281, 'Mate': None}"
3rr1k1/1p3ppp/7b/P7/1P1N4/2P1pP2/R3RnKP/2B5 b - - 12 34,2,"{'Move': 'g8f8', 'Centipawn': -24, 'Mate': None}"
3rr1k1/1p3ppp/7b/P7/1P1N4/2P1pP2/R3RnKP/2B5 b - - 12 34,3,"{'Move': 'f2d1', 'Centipawn': -17, 'Mate': None}"
3r2k1/1p3ppp/7b/P3r3/1P1N4/2P1pP2/R3RnKP/2B5 w - - 13 35,1,"{'Move': 'f3f4', 'Centipawn': 171, 'Mate': None}"
3r2k1/1p3ppp/7b/P3r3/1P1N4/2P1pP2/R3RnKP/2B5 w - - 13 35,2,"{'Move': 'a5a6', 'Centipawn': 84, 'Mate': None}"
3r2k1/1p3ppp/7b/P3r3/1P1N4/2P1pP2/R3RnKP/2B5 w - - 13 35,3,"{'Move': 'e2f2', 'Centipawn': 0, 'Mate': None}"
3r2k1/1p3ppp/7b/P3r3/1P1N3P/2P1pP2/R3RnK1/2B5 b - - 0 35,1,"{'Move': 'f2d3', 'Centipawn': -244, 'Mate': None}"
3r2k1/1p3ppp/7b/P3r3/1P1N3P/2P1pP2/R3RnK1/2B5 b - - 0 35,2,"{'Move': 'f2d1', 'Centipawn': 0, 'Mate': None}"
3r2k1/1p3ppp/7b/P3r3/1P1N3P/2P1pP2/R3RnK1/2B5 b - - 0 35,3,"{'Move': 'e5e8', 'Centipawn': 2, 'Mate': None}"
6k1/1p3ppp/3r3b/P3r3/1P1N3P/2P1pP2/R3RnK1/2B5 w - - 1 36,1,"{'Move': 'f3f4', 'Centipawn': 287, 'Mate': None}"
6k1/1p3ppp/3r3b/P3r3/1P1N3P/2P1pP2/R3RnK1/2B5 w - - 1 36,2,"{'Move': 'b4b5', 'Centipawn': 186, 'Mate': None}"
6k1/1p3ppp/3r3b/P3r3/1P1N3P/2P1pP2/R3RnK1/2B5 w - - 1 36,3,"{'Move': 'c1e3', 'Centipawn': 77, 'Mate': None}"
6k1/1p3ppp/3r3b/PP2r3/3N3P/2P1pP2/R3RnK1/2B5 b - - 0 36,1,"{'Move': 'f2d1', 'Centipawn': 263, 'Mate': None}"
6k1/1p3ppp/3r3b/PP2r3/3N3P/2P1pP2/R3RnK1/2B5 b - - 0 36,2,"{'Move': 'e5e8', 'Centipawn': 264, 'Mate': None}"
6k1/1p3ppp/3r3b/PP2r3/3N3P/2P1pP2/R3RnK1/2B5 b - - 0 36,3,"{'Move': 'd6g6', 'Centipawn': 296, 'Mate': None}"
6k1/1p3ppp/6rb/PP2r3/3N3P/2P1pP2/R3RnK1/2B5 w - - 1 37,1,"{'Move': 'g2f1', 'Centipawn': 280, 'Mate': None}"
6k1/1p3ppp/6rb/PP2r3/3N3P/2P1pP2/R3RnK1/2B5 w - - 1 37,2,"{'Move': 'g2h2', 'Centipawn': None, 'Mate': -1}"
6k1/1p3ppp/6rb/PP2r3/3N3P/2P1pP2/R3Rn2/2B2K2 b - - 2 37,1,"{'Move': 'f2h3', 'Centipawn': 302, 'Mate': None}"
6k1/1p3ppp/6rb/PP2r3/3N3P/2P1pP2/R3Rn2/2B2K2 b - - 2 37,2,"{'Move': 'f2h1', 'Centipawn': 320, 'Mate': None}"
6k1/1p3ppp/6rb/PP2r3/3N3P/2P1pP2/R3Rn2/2B2K2 b - - 2 37,3,"{'Move': 'e5e8', 'Centipawn': 329, 'Mate': None}"
6k1/1p3ppp/6rb/PP5r/3N3P/2P1pP2/R3Rn2/2B2K2 w - - 3 38,1,"{'Move': 'c1e3', 'Centipawn': 509, 'Mate': None}"
6k1/1p3ppp/6rb/PP5r/3N3P/2P1pP2/R3Rn2/2B2K2 w - - 3 38,2,"{'Move': 'a5a6', 'Centipawn': 438, 'Mate': None}"
6k1/1p3ppp/6rb/PP5r/3N3P/2P1pP2/R3Rn2/2B2K2 w - - 3 38,3,"{'Move': 'd4c6', 'Centipawn': 361, 'Mate': None}"
6k1/1p3ppp/6rb/PP5r/3N3P/2P1BP2/R3Rn2/5K2 b - - 0 38,1,"{'Move': 'h5b5', 'Centipawn': 549, 'Mate': None}"
6k1/1p3ppp/6rb/PP5r/3N3P/2P1BP2/R3Rn2/5K2 b - - 0 38,2,"{'Move': 'h6e3', 'Centipawn': 555, 'Mate': None}"
6k1/1p3ppp/6rb/PP5r/3N3P/2P1BP2/R3Rn2/5K2 b - - 0 38,3,"{'Move': 'h5h4', 'Centipawn': 564, 'Mate': None}"
6k1/1p3ppp/6r1/PP5r/3N3P/2P1bP2/R3Rn2/5K2 w - - 0 39,1,"{'Move': 'e2e3', 'Centipawn': 553, 'Mate': None}"
6k1/1p3ppp/6r1/PP5r/3N3P/2P1bP2/R3Rn2/5K2 w - - 0 39,2,"{'Move': 'd4c2', 'Centipawn': 218, 'Mate': None}"
6k1/1p3ppp/6r1/PP5r/3N3P/2P1bP2/R3Rn2/5K2 w - - 0 39,3,"{'Move': 'e2f2', 'Centipawn': 147, 'Mate': None}"
6k1/1p3ppp/6r1/PP5r/3N3P/2P1RP2/R4n2/5K2 b - - 0 39,1,"{'Move': 'f7f5', 'Centipawn': 565, 'Mate': None}"
6k1/1p3ppp/6r1/PP5r/3N3P/2P1RP2/R4n2/5K2 b - - 0 39,2,"{'Move': 'h7h6', 'Centipawn': 565, 'Mate': None}"
6k1/1p3ppp/6r1/PP5r/3N3P/2P1RP2/R4n2/5K2 b - - 0 39,3,"{'Move': 'f7f6', 'Centipawn': 576, 'Mate': None}"
6k1/1p3ppp/6r1/PP5r/3N3P/2P1RP1n/R7/5K2 w - - 1 40,1,"{'Move': 'e3e8', 'Centipawn': None, 'Mate': 1}"
6k1/1p3ppp/6r1/PP5r/3N3P/2P1RP1n/R7/5K2 w - - 1 40,2,"{'Move': 'a5a6', 'Centipawn': 567, 'Mate': None}"
6k1/1p3ppp/6r1/PP5r/3N3P/2P1RP1n/R7/5K2 w - - 1 40,3,"{'Move': 'a2h2', 'Centipawn': 478, 'Mate': None}"
r2qk2r/pppnbppp/5n2/3p4/3P4/5N2/PPP2PPP/RNBQ1RK1 w kq - 2 8,1,"{'Move': 'f1e1', 'Centipawn': 0, 'Mate': None}"
r2qk2r/pppnbppp/5n2/3p4/3P4/5N2/PPP2PPP/RNBQR1K1 b kq - 3 8,1,"{'Move': 'e8g8', 'Centipawn': 5, 'Mate': None}"
r2q1rk1/pppnbppp/5n2/3p4/3P4/5N2/PPP2PPP/RNBQR1K1 w - - 4 9,1,"{'Move': 'c1f4', 'Centipawn': 0, 'Mate': None}"
r2q1rk1/pppnbppp/5n2/3p4/3P1B2/5N2/PPP2PPP/RN1QR1K1 b - - 5 9,1,"{'Move': 'c7c6', 'Centipawn': -1, 'Mate': None}"
r2q1rk1/pp1nbppp/2p2n2/3p4/3P1B2/5N2/PPP2PPP/RN1QR1K1 w - - 0 10,1,"{'Move': 'h2h3', 'Centipawn': 3, 'Mate': None}"
r2q1rk1/pp1nbppp/2p2n2/3p4/3P1B2/5N1P/PPP2PP1/RN1QR1K1 b - - 0 10,1,"{'Move': 'f8e8', 'Centipawn': 0, 'Mate': None}"
r2qr1k1/pp1nbppp/2p2n2/3p4/3P1B2/5N1P/PPP2PP1/RN1QR1K1 w - - 1 11,1,"{'Move': 'c2c3', 'Centipawn': 2, 'Mate': None}"
r2qr1k1/pp1nbppp/2p2n2/3p4/3P1B2/2P2N1P/PP3PP1/RN1QR1K1 b - - 0 11,1,"{'Move': 'f6e4', 'Centipawn': 3, 'Mate': None}"
r2qr1k1/pp1nbppp/2p5/3p4/3PnB2/2P2N1P/PP3PP1/RN1QR1K1 w - - 1 12,1,"{'Move': 'b1d2', 'Centipawn': 2, 'Mate': None}"
r2qr1k1/pp1nbppp/2p5/3p4/3PnB2/2P2N1P/PP1N1PP1/R2QR1K1 b - - 2 12,1,"{'Move': 'e7d6', 'Centipawn': 3, 'Mate': None}"
r2qkb1r/pp1n1ppp/2p2n2/3p4/3P4/5N2/PPP2PPP/RNBQ1RK1 w kq - 0 8,2,"{'Move': 'd1e2', 'Centipawn': 26, 'Mate': None}"
r2qkb1r/pp1n1ppp/2p2n2/3p4/3P4/5N2/PPP1QPPP/RNB2RK1 b kq - 1 8,2,"{'Move': 'f8e7', 'Centipawn': 25, 'Mate': None}"
r2qk2r/pp1nbppp/2p2n2/3p4/3P4/5N2/PPP1QPPP/RNB2RK1 w kq - 2 9,2,"{'Move': 'f1e1', 'Centipawn': 23, 'Mate': None}"
r2qk2r/pp1nbppp/2p2n2/3p4/3P4/5N2/PPP1QPPP/RNB1R1K1 b kq - 3 9,2,"{'Move': 'd7f8', 'Centipawn': 23, 'Mate': None}"
r2qkn1r/pp2bppp/2p2n2/3p4/3P4/5N2/PPP1QPPP/RNB1R1K1 w kq - 4 10,2,"{'Move': 'c2c3', 'Centipawn': 21, 'Mate': None}"
r2qkn1r/pp2bppp/2p2n2/3p4/3P4/2P2N2/PP2QPPP/RNB1R1K1 b kq - 0 10,2,"{'Move': 'f8g6', 'Centipawn': 19, 'Mate': None}"
r2qk2r/pp2bppp/2p2nn1/3p4/3P4/2P2N2/PP2QPPP/RNB1R1K1 w kq - 1 11,2,"{'Move': 'f3e5', 'Centipawn': 25, 'Mate': None}"
r2qk2r/pp2bppp/2p2nn1/3pN3/3P4/2P5/PP2QPPP/RNB1R1K1 b kq - 2 11,2,"{'Move': 'f6e4', 'Centipawn': 24, 'Mate': None}"
r2qk2r/pp2bppp/2p3n1/3pN3/3Pn3/2P5/PP2QPPP/RNB1R1K1 w kq - 3 12,2,"{'Move': 'b1d2', 'Centipawn': 23, 'Mate': None}"
r2qk2r/pp2bppp/2p3n1/3pN3/3Pn3/2P5/PP1NQPPP/R1B1R1K1 b kq - 4 12,2,"{'Move': 'g6e5', 'Centipawn': 24, 'Mate': None}"
r2qkb1r/1ppn1ppp/p4n2/3p4/3P4/5N2/PPP2PPP/RNBQ1RK1 w kq - 0 8,3,"{'Move': 'd1e2', 'Centipawn': 37, 'Mate': None}"
r2qkb1r/1ppn1ppp/p4n2/3p4/3P4/5N2/PPP1QPPP/RNB2RK1 b kq - 1 8,3,"{'Move': 'f8e7', 'Centipawn': 41, 'Mate': None}"
r2qk2r/1ppnbppp/p4n2/3p4/3P4/5N2/PPP1QPPP/RNB2RK1 w kq - 2 9,3,"{'Move': 'f1e1', 'Centipawn': 35, 'Mate': None}"
r2qk2r/1ppnbppp/p4n2/3p4/3P4/5N2/PPP1QPPP/RNB1R1K1 b kq - 3 9,3,"{'Move': 'd7f8', 'Centipawn': 54, 'Mate': None}"
r2qkn1r/1pp1bppp/p4n2/3p4/3P4/5N2/PPP1QPPP/RNB1R1K1 w kq - 4 10,3,"{'Move': 'c2c3', 'Centipawn': 35, 'Mate': None}"
r2qkn1r/1pp1bppp/p4n2/3p4/3P4/2P2N2/PP2QPPP/RNB1R1K1 b kq - 0 10,3,"{'Move': 'd8d6', 'Centipawn': 28, 'Mate': None}"
r3kn1r/1pp1bppp/p2q1n2/3p4/3P4/2P2N2/PP2QPPP/RNB1R1K1 w kq - 1 11,3,"{'Move': 'c1f4', 'Centipawn': 36, 'Mate': None}"
r3kn1r/1pp1bppp/p2q1n2/3p4/3P1B2/2P2N2/PP2QPPP/RN2R1K1 b kq - 2 11,3,"{'Move': 'd6d8', 'Centipawn': 33, 'Mate': None}"
r2qkn1r/1pp1bppp/p4n2/3p4/3P1B2/2P2N2/PP2QPPP/RN2R1K1 w kq - 3 12,3,"{'Move': 'f4g3', 'Centipawn': 35, 'Mate': None}"
r2qkn1r/1pp1bppp/p4n2/3p4/3P4/2P2NB1/PP2QPPP/RN2R1K1 b kq - 4 12,3,"{'Move': 'f8e6', 'Centipawn': 37, 'Mate': None}"
r3rbk1/pp3ppp/1n6/1N1p4/1Pq1n3/2P2N2/PB3PPP/2RQR1K1 w - - 13 18,1,"{'Move': 'd1e2', 'Centipawn': -186, 'Mate': None}"
r3rbk1/pp3ppp/1n6/1N1p4/1Pq1n3/2P2N2/PB2QPPP/2R1R1K1 b - - 14 18,1,"{'Move': 'e4g5', 'Centipawn': -201, 'Mate': None}"
r3rbk1/pp3ppp/1n6/1N1p2n1/1Pq5/2P2N2/PB2QPPP/2R1R1K1 w - - 15 19,1,"{'Move': 'e2c4', 'Centipawn': -194, 'Mate': None}"
r3rbk1/pp3ppp/1n6/1N1p2n1/1PQ5/2P2N2/PB3PPP/2R1R1K1 b - - 0 19,1,"{'Move': 'g5f3', 'Centipawn': -197, 'Mate': None}"
r3rbk1/pp3ppp/1n6/1N1p4/1PQ5/2P2n2/PB3PPP/2R1R1K1 w - - 0 20,1,"{'Move': 'g2f3', 'Centipawn': -185, 'Mate': None}"
r3rbk1/pp3ppp/1n6/1N1p4/1PQ5/2P2P2/PB3P1P/2R1R1K1 b - - 0 20,1,"{'Move': 'd5c4', 'Centipawn': -199, 'Mate': None}"
r3rbk1/pp3ppp/1n6/1N6/1Pp5/2P2P2/PB3P1P/2R1R1K1 w - - 0 21,1,"{'Move': 'b5d4', 'Centipawn': -197, 'Mate': None}"
r3rbk1/pp3ppp/1n6/8/1PpN4/2P2P2/PB3P1P/2R1R1K1 b - - 1 21,1,"{'Move': 'g7g6', 'Centipawn': -201, 'Mate': None}"
r3rbk1/pp3p1p/1n4p1/8/1PpN4/2P2P2/PB3P1P/2R1R1K1 w - - 0 22,1,"{'Move': 'g1f1', 'Centipawn': -212, 'Mate': None}"
r3rbk1/pp3p1p/1n4p1/8/1PpN4/2P2P2/PB3P1P/2R1RK2 b - - 1 22,1,"{'Move': 'e8e1', 'Centipawn': -225, 'Mate': None}"
r3rbk1/pp1q1ppp/1n6/1N1p4/1P2n3/2P2N2/PB3PPP/2RQR1K1 w - - 13 18,2,"{'Move': 'b5a3', 'Centipawn': -149, 'Mate': None}"
r3rbk1/pp1q1ppp/1n6/3p4/1P2n3/N1P2N2/PB3PPP/2RQR1K1 b - - 14 18,2,"{'Move': 'a7a5', 'Centipawn': -151, 'Mate': None}"
r3rbk1/1p1q1ppp/1n6/p2p4/1P2n3/N1P2N2/PB3PPP/2RQR1K1 w - - 0 19,2,"{'Move': 'd1b3', 'Centipawn': -158, 'Mate': None}"
r3rbk1/1p1q1ppp/1n6/p2p4/1P2n3/NQP2N2/PB3PPP/2R1R1K1 b - - 1 19,2,"{'Move': 'd7a4', 'Centipawn': -144, 'Mate': None}"
r3rbk1/1p3ppp/1n6/p2p4/qP2n3/NQP2N2/PB3PPP/2R1R1K1 w - - 2 20,2,"{'Move': 'e1e2', 'Centipawn': -167, 'Mate': None}"
r3rbk1/1p3ppp/1n6/p2p4/qP2n3/NQP2N2/PB2RPPP/2R3K1 b - - 3 20,2,"{'Move': 'e4g5', 'Centipawn': -163, 'Mate': None}"
r3rbk1/1p3ppp/1n6/p2p2n1/qP6/NQP2N2/PB2RPPP/2R3K1 w - - 4 21,2,"{'Move': 'f3d4', 'Centipawn': -168, 'Mate': None}"
r3rbk1/1p3ppp/1n6/p2p2n1/qP1N4/NQP5/PB2RPPP/2R3K1 b - - 5 21,2,"{'Move': 'e8e2', 'Centipawn': -160, 'Mate': None}"
r4bk1/1p3ppp/1n6/p2p2n1/qP1N4/NQP5/PB2rPPP/2R3K1 w - - 0 22,2,"{'Move': 'd4e2', 'Centipawn': -160, 'Mate': None}"
r4bk1/1p3ppp/1n6/p2p2n1/qP6/NQP5/PB2NPPP/2R3K1 b - - 0 22,2,"{'Move': 'a5b4', 'Centipawn': -143, 'Mate': None}"
r2qrbk1/pp3ppp/1n6/1N1p4/1P2n3/2P2N2/PB3PPP/2RQR1K1 w - - 13 18,3,"{'Move': 'c1c2', 'Centipawn': -107, 'Mate': None}"
r2qrbk1/pp3ppp/1n6/1N1p4/1P2n3/2P2N2/PBR2PPP/3QR1K1 b - - 14 18,3,"{'Move': 'a7a6', 'Centipawn': -102, 'Mate': None}"
r2qrbk1/1p3ppp/pn6/1N1p4/1P2n3/2P2N2/PBR2PPP/3QR1K1 w - - 0 19,3,"{'Move': 'b5d4', 'Centipawn': -111, 'Mate': None}"
r2qrbk1/1p3ppp/pn6/3p4/1P1Nn3/2P2N2/PBR2PPP/3QR1K1 b - - 1 19,3,"{'Move': 'b6a4', 'Centipawn': -107, 'Mate': None}"
r2qrbk1/1p3ppp/p7/3p4/nP1Nn3/2P2N2/PBR2PPP/3QR1K1 w - - 2 20,3,"{'Move': 'b2a1', 'Centipawn': -102, 'Mate': None}"
r2qrbk1/1p3ppp/p7/3p4/nP1Nn3/2P2N2/P1R2PPP/B2QR1K1 b - - 3 20,3,"{'Move': 'a8c8', 'Centipawn': -114, 'Mate': None}"
2rqrbk1/1p3ppp/p7/3p4/nP1Nn3/2P2N2/P1R2PPP/B2QR1K1 w - - 4 21,3,"{'Move': 'a2a3', 'Centipawn': -117, 'Mate': None}"
2rqrbk1/1p3ppp/p7/3p4/nP1Nn3/P1P2N2/2R2PPP/B2QR1K1 b - - 0 21,3,"{'Move': 'b7b5', 'Centipawn': -108, 'Mate': None}"
2rqrbk1/5ppp/p7/1p1p4/nP1Nn3/P1P2N2/2R2PPP/B2QR1K1 w - - 0 22,3,"{'Move': 'd1d3', 'Centipawn': -121, 'Mate': None}"
2rqrbk1/5ppp/p7/1p1p4/nP1Nn3/P1PQ1N2/2R2PPP/B3R1K1 b - - 1 22,3,"{'Move': 'g7g6', 'Centipawn': -118, 'Mate': None}"
r1q1rbk1/1p3ppp/p4n2/1N1p4/PPnN4/2P2P2/6PP/B1RQR1K1 w - - 1 22,1,"{'Move': 'b5a3', 'Centipawn': -487, 'Mate': None}"
r1q1rbk1/1p3ppp/p4n2/3p4/PPnN4/N1P2P2/6PP/B1RQR1K1 b - - 2 22,1,"{'Move': 'c4a3', 'Centipawn': -489, 'Mate': None}"
r1q1rbk1/1p3ppp/p4n2/3p4/PP1N4/n1P2P2/6PP/B1RQR1K1 w - - 0 23,1,"{'Move': 'c3c4', 'Centipawn': -494, 'Mate': None}"
r1q1rbk1/1p3ppp/p4n2/3p4/PPPN4/n4P2/6PP/B1RQR1K1 b - - 0 23,1,"{'Move': 'e8e1', 'Centipawn': -494, 'Mate': None}"
r1q2bk1/1p3ppp/p4n2/3p4/PPPN4/n4P2/6PP/B1RQr1K1 w - - 0 24,1,"{'Move': 'd1e1', 'Centipawn': -481, 'Mate': None}"
r1q2bk1/1p3ppp/p4n2/3p4/PPPN4/n4P2/6PP/B1R1Q1K1 b - - 0 24,1,"{'Move': 'a3c4', 'Centipawn': -490, 'Mate': None}"
r1q2bk1/1p3ppp/p4n2/3p4/PPnN4/5P2/6PP/B1R1Q1K1 w - - 0 25,1,"{'Move': 'g2g4', 'Centipawn': -487, 'Mate': None}"
r1q2bk1/1p3ppp/p4n2/3p4/PPnN2P1/5P2/7P/B1R1Q1K1 b - - 0 25,1,"{'Move': 'f6e8', 'Centipawn': -486, 'Mate': None}"
r1q1nbk1/1p3ppp/p7/3p4/PPnN2P1/5P2/7P/B1R1Q1K1 w - - 1 26,1,"{'Move': 'e1c3', 'Centipawn': -485, 'Mate': None}"
r1q1nbk1/1p3ppp/p7/3p4/PPnN2P1/2Q2P2/7P/B1R3K1 b - - 2 26,1,"{'Move': 'e8d6', 'Centipawn': -506, 'Mate': None}"
r1q1rbk1/1p3ppp/8/1N1p4/PPn1n3/2P2P2/6PP/B1RQR1K1 b - - 0 22,2,"{'Move': 'e4f6', 'Centipawn': -485, 'Mate': None}"
r1q1rbk1/1p3ppp/5n2/1N1p4/PPn5/2P2P2/6PP/B1RQR1K1 w - - 1 23,2,"{'Move': 'a4a5', 'Centipawn': -481, 'Mate': None}"
r1q1rbk1/1p3ppp/5n2/PN1p4/1Pn5/2P2P2/6PP/B1RQR1K1 b - - 0 23,2,"{'Move': 'f6h5', 'Centipawn': -485, 'Mate': None}"
r1q1rbk1/1p3ppp/8/PN1p3n/1Pn5/2P2P2/6PP/B1RQR1K1 w - - 1 24,2,"{'Move': 'b5d4', 'Centipawn': -482, 'Mate': None}"
r1q1rbk1/1p3ppp/8/P2p3n/1PnN4/2P2P2/6PP/B1RQR1K1 b - - 2 24,2,"{'Move': 'h5f4', 'Centipawn': -478, 'Mate': None}"
r1q1rbk1/1p3ppp/8/P2p4/1PnN1n2/2P2P2/6PP/B1RQR1K1 w - - 3 25,2,"{'Move': 'd1c2', 'Centipawn': -480, 'Mate': None}"
r1q1rbk1/1p3ppp/8/P2p4/1PnN1n2/2P2P2/2Q3PP/B1R1R1K1 b - - 4 25,2,"{'Move': 'c8d7', 'Centipawn': -483, 'Mate': None}"
r3rbk1/1p1q1ppp/8/P2p4/1PnN1n2/2P2P2/2Q3PP/B1R1R1K1 w - - 5 26,2,"{'Move': 'c1d1', 'Centipawn': -492, 'Mate': None}"
r3rbk1/1p1q1ppp/8/P2p4/1PnN1n2/2P2P2/2Q3PP/B2RR1K1 b - - 6 26,2,"{'Move': 'g7g6', 'Centipawn': -487, 'Mate': None}"
r1q1rbk1/1p3ppp/p7/1N1p2n1/PPnN4/2P2P2/6PP/B1RQR1K1 w - - 1 22,3,"{'Move': 'e1e8', 'Centipawn': -358, 'Mate': None}"
r1q1Rbk1/1p3ppp/p7/1N1p2n1/PPnN4/2P2P2/6PP/B1RQ2K1 b - - 0 22,3,"{'Move': 'c8e8', 'Centipawn': -360, 'Mate': None}"
r3qbk1/1p3ppp/p7/1N1p2n1/PPnN4/2P2P2/6PP/B1RQ2K1 w - - 0 23,3,"{'Move': 'b5c7', 'Centipawn': -360, 'Mate': None}"
r3qbk1/1pN2ppp/p7/3p2n1/PPnN4/2P2P2/6PP/B1RQ2K1 b - - 1 23,3,"{'Move': 'e8e3', 'Centipawn': -352, 'Mate': None}"
r4bk1/1pN2ppp/p7/3p2n1/PPnN4/2P1qP2/6PP/B1RQ2K1 w - - 2 24,3,"{'Move': 'g1h1', 'Centipawn': -349, 'Mate': None}"
r4bk1/1pN2ppp/p7/3p2n1/PPnN4/2P1qP2/6PP/B1RQ3K b - - 3 24,3,"{'Move': 'a8d8', 'Centipawn': -359, 'Mate': None}"
3r1bk1/1pN2ppp/p7/3p2n1/PPnN4/2P1qP2/6PP/B1RQ3K w - - 4 25,3,"{'Move': 'h2h4', 'Centipawn': -360, 'Mate': None}"
3r1bk1/1pN2ppp/p7/3p2n1/PPnN3P/2P1qP2/6P1/B1RQ3K b - - 0 25,3,"{'Move': 'e3f4', 'Centipawn': -361, 'Mate': None}"
3r1bk1/1pN2ppp/p7/3p2n1/PPnN1q1P/2P2P2/6P1/B1RQ3K w - - 1 26,3,"{'Move': 'd1e1', 'Centipawn': -355, 'Mate': None}"
3r1bk1/1pN2ppp/p7/3p2n1/PPnN1q1P/2P2P2/6P1/B1R1Q2K b - - 2 26,3,"{'Move': 'g5f3', 'Centipawn': -357, 'Mate': None}"
2q1rbk1/1p3ppp/r7/PN6/1Pn5/2P1p3/6PP/B1RQR1K1 w - - 1 25,1,"{'Move': 'b5d4', 'Centipawn': -372, 'Mate': None}"
2q1rbk1/1p3ppp/r7/P7/1PnN4/2P1p3/6PP/B1RQR1K1 b - - 2 25,1,"{'Move': 'a6h6', 'Centipawn': -375, 'Mate': None}"
2q1rbk1/1p3ppp/7r/P7/1PnN4/2P1p3/6PP/B1RQR1K1 w - - 3 26,1,"{'Move': 'c1c2', 'Centipawn': -382, 'Mate': None}"
2q1rbk1/1p3ppp/7r/P7/1PnN4/2P1p3/2R3PP/B2QR1K1 b - - 4 26,1,"{'Move': 'f8d6', 'Centipawn': -376, 'Mate': None}"
2q1r1k1/1p3ppp/3b3r/P7/1PnN4/2P1p3/2R3PP/B2QR1K1 w - - 5 27,1,"{'Move': 'g2g3', 'Centipawn': -389, 'Mate': None}"
2q1r1k1/1p3ppp/3b3r/P7/1PnN4/2P1p1P1/2R4P/B2QR1K1 b - - 0 27,1,"{'Move': 'c4d2', 'Centipawn': -399, 'Mate': None}"
2q1r1k1/1p3ppp/3b3r/P7/1P1N4/2P1p1P1/2Rn3P/B2QR1K1 w - - 1 28,1,"{'Move': 'e1e3', 'Centipawn': -402, 'Mate': None}"
2q1r1k1/1p3ppp/3b3r/P7/1P1N4/2P1R1P1/2Rn3P/B2Q2K1 b - - 0 28,1,"{'Move': 'e8e3', 'Centipawn': -423, 'Mate': None}"
2q3k1/1p3ppp/3b3r/P7/1P1N4/2P1r1P1/2Rn3P/B2Q2K1 w - - 0 29,1,"{'Move': 'c2d2', 'Centipawn': -439, 'Mate': None}"
2q3k1/1p3ppp/3b3r/P7/1P1N4/2P1r1P1/3R3P/B2Q2K1 b - - 0 29,1,"{'Move': 'd6g3', 'Centipawn': -441, 'Mate': None}"
r1q1rbk1/1p3pp1/8/PN5p/1Pn5/2P1p3/6PP/B1RQR1K1 w - - 0 25,2,"{'Move': 'b5d4', 'Centipawn': -324, 'Mate': None}"
r1q1rbk1/1p3pp1/8/P6p/1PnN4/2P1p3/6PP/B1RQR1K1 b - - 1 25,2,"{'Move': 'a8a6', 'Centipawn': -332, 'Mate': None}"
2q1rbk1/1p3pp1/r7/P6p/1PnN4/2P1p3/6PP/B1RQR1K1 w - - 2 26,2,"{'Move': 'c1c2', 'Centipawn': -349, 'Mate': None}"
2q1rbk1/1p3pp1/r7/P6p/1PnN4/2P1p3/2R3PP/B2QR1K1 b - - 3 26,2,"{'Move': 'h5h4', 'Centipawn': -362, 'Mate': None}"
2q1rbk1/1p3pp1/r7/P7/1PnN3p/2P1p3/2R3PP/B2QR1K1 w - - 0 27,2,"{'Move': 'c2e2', 'Centipawn': -362, 'Mate': None}"
2q1rbk1/1p3pp1/r7/P7/1PnN3p/2P1p3/4R1PP/B2QR1K1 b - - 1 27,2,"{'Move': 'h4h3', 'Centipawn': -363, 'Mate': None}"
2q1rbk1/1p3pp1/r7/P7/1PnN4/2P1p2p/4R1PP/B2QR1K1 w - - 0 28,2,"{'Move': 'b4b5', 'Centipawn': -367, 'Mate': None}"
2q1rbk1/1p3pp1/r7/PP6/2nN4/2P1p2p/4R1PP/B2QR1K1 b - - 0 28,2,"{'Move': 'a6g6', 'Centipawn': -478, 'Mate': None}"
2q1rbk1/1p3pp1/6r1/PP6/2nN4/2P1p2p/4R1PP/B2QR1K1 w - - 1 29,2,"{'Move': 'd1d3', 'Centipawn': -467, 'Mate': None}"
2q1rbk1/1p3pp1/6r1/PP6/2nN4/2PQp2p/4R1PP/B3R1K1 b - - 2 29,2,"{'Move': 'e8e5', 'Centipawn': -464, 'Mate': None}"
r1q1r1k1/1p2bppp/8/PN6/1Pn5/2P1p3/6PP/B1RQR1K1 w - - 1 25,3,"{'Move': 'b5d4', 'Centipawn': -319, 'Mate': None}"
r1q1r1k1/1p2bppp/8/P7/1PnN4/2P1p3/6PP/B1RQR1K1 b - - 2 25,3,"{'Move': 'a8a6', 'Centipawn': -317, 'Mate': None}"
2q1r1k1/1p2bppp/r7/P7/1PnN4/2P1p3/6PP/B1RQR1K1 w - - 3 26,3,"{'Move': 'c1c2', 'Centipawn': -318, 'Mate': None}"
2q1r1k1/1p2bppp/r7/P7/1PnN4/2P1p3/2R3PP/B2QR1K1 b - - 4 26,3,"{'Move': 'e7h4', 'Centipawn': -335, 'Mate': None}"
2q1r1k1/1p3ppp/r7/P7/1PnN3b/2P1p3/2R3PP/B2QR1K1 w - - 5 27,3,"{'Move': 'g2g3', 'Centipawn': -327, 'Mate': None}"
2q1r1k1/1p3ppp/r7/P7/1PnN3b/2P1p1P1/2R4P/B2QR1K1 b - - 0 27,3,"{'Move': 'a6g6', 'Centipawn': -335, 'Mate': None}"
2q1r1k1/1p3ppp/6r1/P7/1PnN3b/2P1p1P1/2R4P/B2QR1K1 w - - 1 28,3,"{'Move': 'c2g2', 'Centipawn': -328, 'Mate': None}"
2q1r1k1/1p3ppp/6r1/P7/1PnN3b/2P1p1P1/6RP/B2QR1K1 b - - 2 28,3,"{'Move': 'h4g5', 'Centipawn': -336, 'Mate': None}"
2q1r1k1/1p3ppp/6r1/P5b1/1PnN4/2P1p1P1/6RP/B2QR1K1 w - - 3 29,3,"{'Move': 'd1h5', 'Centipawn': -337, 'Mate': None}"
2q1r1k1/1p3ppp/6r1/P5bQ/1PnN4/2P1p1P1/6RP/B3R1K1 b - - 4 29,3,"{'Move': 'h7h6', 'Centipawn': -327, 'Mate': None}"
3rrbk1/1p3ppp/8/P7/1P1N4/2P1pQ2/3n1qPP/B1R1R2K w - - 7 28,1,"{'Move': 'f3e2', 'Centipawn': -327, 'Mate': None}"
3rrbk1/1p3ppp/8/P7/1P1N4/2P1p3/3nQqPP/B1R1R2K b - - 8 28,1,"{'Move': 'g7g6', 'Centipawn': -339, 'Mate': None}"
3rrbk1/1p3p1p/6p1/P7/1P1N4/2P1p3/3nQqPP/B1R1R2K w - - 0 29,1,"{'Move': 'a1b2', 'Centipawn': -330, 'Mate': None}"
3rrbk1/1p3p1p/6p1/P7/1P1N4/2P1p3/1B1nQqPP/2R1R2K b - - 1 29,1,"{'Move': 'h7h5', 'Centipawn': -344, 'Mate': None}"
3rrbk1/1p3p2/6p1/P6p/1P1N4/2P1p3/1B1nQqPP/2R1R2K w - - 0 30,1,"{'Move': 'c1a1', 'Centipawn': -358, 'Mate': None}"
3rrbk1/1p3p2/6p1/P6p/1P1N4/2P1p3/1B1nQqPP/R3R2K b - - 1 30,1,"{'Move': 'f8d6', 'Centipawn': -341, 'Mate': None}"
3rr1k1/1p3p2/3b2p1/P6p/1P1N4/2P1p3/1B1nQqPP/R3R2K w - - 2 31,1,"{'Move': 'g2g3', 'Centipawn': -356, 'Mate': None}"
3rr1k1/1p3p2/3b2p1/P6p/1P1N4/2P1p1P1/1B1nQq1P/R3R2K b - - 0 31,1,"{'Move': 'h5h4', 'Centipawn': -348, 'Mate': None}"
3rr1k1/1p3p2/3b2p1/P7/1P1N3p/2P1p1P1/1B1nQq1P/R3R2K w - - 0 32,1,"{'Move': 'e2f2', 'Centipawn': -353, 'Mate': None}"
3rr1k1/1p3p2/3b2p1/P7/1P1N3p/2P1p1P1/1B1n1Q1P/R3R2K b - - 0 32,1,"{'Move': 'e3f2', 'Centipawn': -356, 'Mate': None}"
3rrbk1/1p3ppp/8/P7/1PnN3q/2P1pQ2/6PP/B1R1R2K w - - 7 28,2,"{'Move': 'e1f1', 'Centipawn': -273, 'Mate': None}"
3rrbk1/1p3ppp/8/P7/1PnN3q/2P1pQ2/6PP/B1R2R1K b - - 8 28,2,"{'Move': 'd8d7', 'Centipawn': -262, 'Mate': None}"
4rbk1/1p1r1ppp/8/P7/1PnN3q/2P1pQ2/6PP/B1R2R1K w - - 9 29,2,"{'Move': 'f3f4', 'Centipawn': -284, 'Mate': None}"
4rbk1/1p1r1ppp/8/P7/1PnN1Q1q/2P1p3/6PP/B1R2R1K b - - 10 29,2,"{'Move': 'h4d8', 'Centipawn': -294, 'Mate': None}"
3qrbk1/1p1r1ppp/8/P7/1PnN1Q2/2P1p3/6PP/B1R2R1K w - - 11 30,2,"{'Move': 'f1e1', 'Centipawn': -285, 'Mate': None}"
3qrbk1/1p1r1ppp/8/P7/1PnN1Q2/2P1p3/6PP/B1R1R2K b - - 12 30,2,"{'Move': 'd8c8', 'Centipawn': -283, 'Mate': None}"
2q1rbk1/1p1r1ppp/8/P7/1PnN1Q2/2P1p3/6PP/B1R1R2K w - - 13 31,2,"{'Move': 'f4f1', 'Centipawn': -289, 'Mate': None}"
2q1rbk1/1p1r1ppp/8/P7/1PnN4/2P1p3/6PP/B1R1RQ1K b - - 14 31,2,"{'Move': 'f8e7', 'Centipawn': -305, 'Mate': None}"
2q1r1k1/1p1rbppp/8/P7/1PnN4/2P1p3/6PP/B1R1RQ1K w - - 15 32,2,"{'Move': 'c1c2', 'Centipawn': -300, 'Mate': None}"
2q1r1k1/1p1rbppp/8/P7/1PnN4/2P1p3/2R3PP/B3RQ1K b - - 16 32,2,"{'Move': 'e7h4', 'Centipawn': -304, 'Mate': None}"
3rrbk1/1p3ppp/P7/8/1PnN4/2P1pq2/6PP/B1R1R2K b - - 0 28,3,"{'Move': 'f3d5', 'Centipawn': -733, 'Mate': None}"
3rrbk1/1p3ppp/P7/3q4/1PnN4/2P1p3/6PP/B1R1R2K w - - 1 29,3,"{'Move': 'b4b5', 'Centipawn': -735, 'Mate': None}"
3rrbk1/1p3ppp/P7/1P1q4/2nN4/2P1p3/6PP/B1R1R2K b - - 0 29,3,"{'Move': 'b7a6', 'Centipawn': -768, 'Mate': None}"
3rrbk1/5ppp/p7/1P1q4/2nN4/2P1p3/6PP/B1R1R2K w - - 0 30,3,"{'Move': 'b5a6', 'Centipawn': -780, 'Mate': None}"
3rrbk1/5ppp/P7/3q4/2nN4/2P1p3/6PP/B1R1R2K b - - 0 30,3,"{'Move': 'd8a8', 'Centipawn': -782, 'Mate': None}"
r3rbk1/5ppp/P7/3q4/2nN4/2P1p3/6PP/B1R1R2K w - - 1 31,3,"{'Move': 'c1d1', 'Centipawn': -803, 'Mate': None}"
r3rbk1/5ppp/P7/3q4/2nN4/2P1p3/6PP/B2RR2K b - - 2 31,3,"{'Move': 'a8a6', 'Centipawn': -880, 'Mate': None}"
4rbk1/5ppp/r7/3q4/2nN4/2P1p3/6PP/B2RR2K w - - 0 32,3,"{'Move': 'd1b1', 'Centipawn': -902, 'Mate': None}"
4rbk1/5ppp/r7/3q4/2nN4/2P1p3/6PP/BR2R2K b - - 1 32,3,"{'Move': 'a6a2', 'Centipawn': -932, 'Mate': None}"
3rr1k1/1p4pp/8/P4pb1/1PnN4/2P1pP2/1BR4P/4R2K w - - 0 31,1,"{'Move': 'e1a1', 'Centipawn': -265, 'Mate': None}"
3rr1k1/1p4pp/8/P4pb1/1PnN4/2P1pP2/1BR4P/R6K b - - 1 31,1,"{'Move': 'e3e2', 'Centipawn': -271, 'Mate': None}"
3rr1k1/1p4pp/8/P4pb1/1PnN4/2P2P2/1BR1p2P/R6K w - - 0 32,1,"{'Move': 'a1e1', 'Centipawn': -282, 'Mate': None}"
3rr1k1/1p4pp/8/P4pb1/1PnN4/2P2P2/1BR1p2P/4R2K b - - 1 32,1,"{'Move': 'g5d2', 'Centipawn': -300, 'Mate': None}"
3rr1k1/1p4pp/8/P4p2/1PnN4/2P2P2/1BRbp2P/4R2K w - - 2 33,1,"{'Move': 'c2d2', 'Centipawn': -297, 'Mate': None}"
3rr1k1/1p4pp/8/P4p2/1PnN4/2P2P2/1B1Rp2P/4R2K b - - 0 33,1,"{'Move': 'c4d2', 'Centipawn': -266, 'Mate': None}"
3rr1k1/1p4pp/8/P4p2/1P1N4/2P2P2/1B1np2P/4R2K w - - 0 34,1,"{'Move': 'h1g2', 'Centipawn': -299, 'Mate': None}"
3rr1k1/1p4pp/8/P4p2/1P1N4/2P2P2/1B1np1KP/4R3 b - - 1 34,1,"{'Move': 'e8e3', 'Centipawn': -305, 'Mate': None}"
3r2k1/1p4pp/8/P4p2/1P1N4/2P1rP2/1B1np1KP/4R3 w - - 2 35,1,"{'Move': 'g2f2', 'Centipawn': -302, 'Mate': None}"
3r2k1/1p4pp/8/P4p2/1P1N4/2P1rP2/1B1npK1P/4R3 b - - 3 35,1,"{'Move': 'd2c4', 'Centipawn': -303, 'Mate': None}"
4r1k1/1p3ppp/8/P2r2b1/1PnN4/2P1pP2/1BR4P/4R2K w - - 5 31,2,"{'Move': 'h1g2', 'Centipawn': -242, 'Mate': None}"
4r1k1/1p3ppp/8/P2r2b1/1PnN4/2P1pP2/1BR3KP/4R3 b - - 6 31,2,"{'Move': 'f7f5', 'Centipawn': -260, 'Mate': None}"
4r1k1/1p4pp/8/P2r1pb1/1PnN4/2P1pP2/1BR3KP/4R3 w - - 0 32,2,"{'Move': 'b4b5', 'Centipawn': -257, 'Mate': None}"
4r1k1/1p4pp/8/PP1r1pb1/2nN4/2P1pP2/1BR3KP/4R3 b - - 0 32,2,"{'Move': 'c4a5', 'Centipawn': -261, 'Mate': None}"
4r1k1/1p4pp/8/nP1r1pb1/3N4/2P1pP2/1BR3KP/4R3 w - - 0 33,2,"{'Move': 'c3c4', 'Centipawn': -273, 'Mate': None}"
4r1k1/1p4pp/8/nP1r1pb1/2PN4/4pP2/1BR3KP/4R3 b - - 0 33,2,"{'Move': 'd5c5', 'Centipawn': -262, 'Mate': None}"
4r1k1/1p4pp/8/nPr2pb1/2PN4/4pP2/1BR3KP/4R3 w - - 1 34,2,"{'Move': 'd4e2', 'Centipawn': -271, 'Mate': None}"
4r1k1/1p4pp/8/nPr2pb1/2P5/4pP2/1BR1N1KP/4R3 b - - 2 34,2,"{'Move': 'c5c4', 'Centipawn': -265, 'Mate': None}"
4r1k1/1p4pp/8/nP3pb1/2r5/4pP2/1BR1N1KP/4R3 w - - 0 35,2,"{'Move': 'c2c4', 'Centipawn': -276, 'Mate': None}"
4r1k1/1p4pp/8/nP3pb1/2R5/4pP2/1B2N1KP/4R3 b - - 0 35,2,"{'Move': 'a5c4', 'Centipawn': -266, 'Mate': None}"
3rr1k1/1p3ppp/8/P7/1PnN3b/2P1pP2/1BR4P/4R2K w - - 5 31,3,"{'Move': 'e1e2', 'Centipawn': -243, 'Mate': None}"
3rr1k1/1p3ppp/8/P7/1PnN3b/2P1pP2/1BR1R2P/7K b - - 6 31,3,"{'Move': 'f7f5', 'Centipawn': -241, 'Mate': None}"
3rr1k1/1p4pp/8/P4p2/1PnN3b/2P1pP2/1BR1R2P/7K w - - 0 32,3,"{'Move': 'f3f4', 'Centipawn': -225, 'Mate': None}"
3rr1k1/1p4pp/8/P4p2/1PnN1P1b/2P1p3/1BR1R2P/7K b - - 0 32,3,"{'Move': 'e8e4', 'Centipawn': -238, 'Mate': None}"
3r2k1/1p4pp/8/P4p2/1PnNrP1b/2P1p3/1BR1R2P/7K w - - 1 33,3,"{'Move': 'b2c1', 'Centipawn': -237, 'Mate': None}"
3r2k1/1p4pp/8/P4p2/1PnNrP1b/2P1p3/2R1R2P/2B4K b - - 2 33,3,"{'Move': 'h4f2', 'Centipawn': -244, 'Mate': None}"
3r2k1/1p4pp/8/P4p2/1PnNrP2/2P1p3/2R1Rb1P/2B4K w - - 3 34,3,"{'Move': 'e2f2', 'Centipawn': -243, 'Mate': None}"
3r2k1/1p4pp/8/P4p2/1PnNrP2/2P1p3/2R2R1P/2B4K b - - 0 34,3,"{'Move': 'e3f2', 'Centipawn': -246, 'Mate': None}"
3r2k1/1p4pp/8/P4p2/1PnNrP2/2P5/2R2p1P/2B4K w - - 0 35,3,"{'Move': 'h1g2', 'Centipawn': -246, 'Mate': None}"
3r2k1/1p4pp/8/P4p2/1PnNrP2/2P5/2R2pKP/2B5 b - - 1 35,3,"{'Move': 'f2f1b', 'Centipawn': -245, 'Mate': None}"
3rr1k1/1p3ppp/8/P5b1/1P1N4/2PnpP2/2R1R1KP/2B5 w - - 11 34,1,"{'Move': 'g2g1', 'Centipawn': -244, 'Mate': None}"
3rr1k1/1p3ppp/8/P5b1/1P1N4/2PnpP2/2R1R2P/2B3K1 b - - 12 34,1,"{'Move': 'h7h5', 'Centipawn': -265, 'Mate': None}"
3rr1k1/1p3pp1/8/P5bp/1P1N4/2PnpP2/2R1R2P/2B3K1 w - - 0 35,1,"{'Move': 'g1f1', 'Centipawn': -264, 'Mate': None}"
3rr1k1/1p3pp1/8/P5bp/1P1N4/2PnpP2/2R1R2P/2B2K2 b - - 1 35,1,"{'Move': 'h5h4', 'Centipawn': -269, 'Mate': None}"
3rr1k1/1p3pp1/8/P5b1/1P1N3p/2PnpP2/2R1R2P/2B2K2 w - - 0 36,1,"{'Move': 'h2h3', 'Centipawn': -262, 'Mate': None}"
3rr1k1/1p3pp1/8/P5b1/1P1N3p/2PnpP1P/2R1R3/2B2K2 b - - 0 36,1,"{'Move': 'd8d5', 'Centipawn': -263, 'Mate': None}"
4r1k1/1p3pp1/8/P2r2b1/1P1N3p/2PnpP1P/2R1R3/2B2K2 w - - 1 37,1,"{'Move': 'c1d2', 'Centipawn': -278, 'Mate': None}"
4r1k1/1p3pp1/8/P2r2b1/1P1N3p/2PnpP1P/2RBR3/5K2 b - - 2 37,1,"{'Move': 'f7f5', 'Centipawn': -312, 'Mate': None}"
4r1k1/1p4p1/8/P2r1pb1/1P1N3p/2PnpP1P/2RBR3/5K2 w - - 0 38,1,"{'Move': 'd2e1', 'Centipawn': -323, 'Mate': None}"
4r1k1/1p4p1/8/P2r1pb1/1P1N3p/2PnpP1P/2R1R3/4BK2 b - - 1 38,1,"{'Move': 'g5f6', 'Centipawn': -325, 'Mate': None}"
3rr1k1/1p3ppp/8/P5b1/1P1N4/2P1pP2/2R1R1KP/2Bn4 w - - 11 34,2,"{'Move': 'b4b5', 'Centipawn': -2, 'Mate': None}"
3rr1k1/1p3ppp/8/PP4b1/3N4/2P1pP2/2R1R1KP/2Bn4 b - - 0 34,2,"{'Move': 'h7h6', 'Centipawn': 0, 'Mate': None}"
3rr1k1/1p3pp1/7p/PP4b1/3N4/2P1pP2/2R1R1KP/2Bn4 w - - 0 35,2,"{'Move': 'b5b6', 'Centipawn': -1, 'Mate': None}"
3rr1k1/1p3pp1/1P5p/P5b1/3N4/2P1pP2/2R1R1KP/2Bn4 b - - 0 35,2,"{'Move': 'g8h7', 'Centipawn': 0, 'Mate': None}"
3rr3/1p3ppk/1P5p/P5b1/3N4/2P1pP2/2R1R1KP/2Bn4 w - - 1 36,2,"{'Move': 'a5a6', 'Centipawn': 0, 'Mate': None}"
3rr3/1p3ppk/PP5p/6b1/3N4/2P1pP2/2R1R1KP/2Bn4 b - - 0 36,2,"{'Move': 'b7a6', 'Centipawn': 1, 'Mate': None}"
3rr3/5ppk/pP5p/6b1/3N4/2P1pP2/2R1R1KP/2Bn4 w - - 0 37,2,"{'Move': 'b6b7', 'Centipawn': 0, 'Mate': None}"
3rr3/1P3ppk/p6p/6b1/3N4/2P1pP2/2R1R1KP/2Bn4 b - - 0 37,2,"{'Move': 'g5f4', 'Centipawn': 0, 'Mate': None}"
3rr3/1P3ppk/p6p/8/3N1b2/2P1pP2/2R1R1KP/2Bn4 w - - 1 38,2,"{'Move': 'e2e1', 'Centipawn': 0, 'Mate': None}"
3rr3/1P3ppk/p6p/8/3N1b2/2P1pP2/2R3KP/2BnR3 b - - 2 38,2,"{'Move': 'd1c3', 'Centipawn': 0, 'Mate': None}"
3rr1k1/1p3ppp/7b/P7/1P1N4/2P1pP2/2R1Rn1P/2B2K2 b - - 12 34,3,"{'Move': 'f2d1', 'Centipawn': 7, 'Mate': None}"
3rr1k1/1p3ppp/7b/P7/1P1N4/2P1pP2/2R1R2P/2Bn1K2 w - - 13 35,3,"{'Move': 'b4b5', 'Centipawn': 7, 'Mate': None}"
3rr1k1/1p3ppp/7b/PP6/3N4/2P1pP2/2R1R2P/2Bn1K2 b - - 0 35,3,"{'Move': 'g7g6', 'Centipawn': 9, 'Mate': None}"
3rr1k1/1p3p1p/6pb/PP6/3N4/2P1pP2/2R1R2P/2Bn1K2 w - - 0 36,3,"{'Move': 'e2e1', 'Centipawn': 5, 'Mate': None}"
3rr1k1/1p3p1p/6pb/PP6/3N4/2P1pP2/2R4P/2BnRK2 b - - 1 36,3,"{'Move': 'd1c3', 'Centipawn': 6, 'Mate': None}"
3rr1k1/1p3p1p/6pb/PP6/3N4/2n1pP2/2R4P/2B1RK2 w - - 0 37,3,"{'Move': 'c2c3', 'Centipawn': 5, 'Mate': None}"
3rr1k1/1p3p1p/6pb/PP6/3N4/2R1pP2/7P/2B1RK2 b - - 0 37,3,"{'Move': 'd8d4', 'Centipawn': 5, 'Mate': None}"
4r1k1/1p3p1p/6pb/PP6/3r4/2R1pP2/7P/2B1RK2 w - - 0 38,3,"{'Move': 'c1e3', 'Centipawn': 4, 'Mate': None}"
4r1k1/1p3p1p/6pb/PP6/3r4/2R1BP2/7P/4RK2 b - - 0 38,3,"{'Move': 'h6e3', 'Centipawn': 4, 'Mate': None}"
3rr1k1/1p3ppp/7b/P7/1P1N4/2PnpP2/R3R1KP/2B5 w - - 13 35,1,"{'Move': 'a2a1', 'Centipawn': -291, 'Mate': None}"
3rr1k1/1p3ppp/7b/P7/1P1N4/2PnpP2/4R1KP/R1B5 b - - 14 35,1,"{'Move': 'd3f4', 'Centipawn': -311, 'Mate': None}"
3rr1k1/1p3ppp/7b/P7/1P1N1n2/2P1pP2/4R1KP/R1B5 w - - 15 36,1,"{'Move': 'g2f1', 'Centipawn': -312, 'Mate': None}"
3rr1k1/1p3ppp/7b/P7/1P1N1n2/2P1pP2/4R2P/R1B2K2 b - - 16 36,1,"{'Move': 'f4e2', 'Centipawn': -301, 'Mate': None}"
3rr1k1/1p3ppp/7b/P7/1P1N4/2P1pP2/4n2P/R1B2K2 w - - 0 37,1,"{'Move': 'f1e2', 'Centipawn': -332, 'Mate': None}"
3rr1k1/1p3ppp/7b/P7/1P1N4/2P1pP2/4K2P/R1B5 b - - 0 37,1,"{'Move': 'd8d5', 'Centipawn': -310, 'Mate': None}"
4r1k1/1p3ppp/7b/P2r4/1P1N4/2P1pP2/4K2P/R1B5 w - - 1 38,1,"{'Move': 'h2h4', 'Centipawn': -325, 'Mate': None}"
4r1k1/1p3ppp/7b/P2r4/1P1N3P/2P1pP2/4K3/R1B5 b - - 0 38,1,"{'Move': 'd5h5', 'Centipawn': -346, 'Mate': None}"
4r1k1/1p3ppp/7b/P6r/1P1N3P/2P1pP2/4K3/R1B5 w - - 1 39,1,"{'Move': 'd4c2', 'Centipawn': -366, 'Mate': None}"
4r1k1/1p3ppp/7b/P6r/1P5P/2P1pP2/2N1K3/R1B5 b - - 2 39,1,"{'Move': 'g7g6', 'Centipawn': -363, 'Mate': None}"
3rrk2/1p3ppp/7b/P7/1P1N4/2P1pP2/R3RnKP/2B5 w - - 13 35,2,"{'Move': 'd4f5', 'Centipawn': -3, 'Mate': None}"
3rrk2/1p3ppp/7b/P4N2/1P6/2P1pP2/R3RnKP/2B5 b - - 14 35,2,"{'Move': 'f2d1', 'Centipawn': -11, 'Mate': None}"
3rrk2/1p3ppp/7b/P4N2/1P6/2P1pP2/R3R1KP/2Bn4 w - - 15 36,2,"{'Move': 'a2a3', 'Centipawn': -21, 'Mate': None}"
3rrk2/1p3ppp/7b/P4N2/1P6/R1P1pP2/4R1KP/2Bn4 b - - 16 36,2,"{'Move': 'h6f4', 'Centipawn': -19, 'Mate': None}"
3rrk2/1p3ppp/8/P4N2/1P3b2/R1P1pP2/4R1KP/2Bn4 w - - 17 37,2,"{'Move': 'b4b5', 'Centipawn': -14, 'Mate': None}"
3rrk2/1p3ppp/8/PP3N2/5b2/R1P1pP2/4R1KP/2Bn4 b - - 0 37,2,"{'Move': 'g7g6', 'Centipawn': -18, 'Mate': None}"
3rrk2/1p3p1p/6p1/PP3N2/5b2/R1P1pP2/4R1KP/2Bn4 w - - 0 38,2,"{'Move': 'f5d4', 'Centipawn': -17, 'Mate': None}"
3rrk2/1p3p1p/6p1/PP6/3N1b2/R1P1pP2/4R1KP/2Bn4 b - - 1 38,2,"{'Move': 'd8c8', 'Centipawn': -21, 'Mate': None}"
2r1rk2/1p3p1p/6p1/PP6/3N1b2/R1P1pP2/4R1KP/2Bn4 w - - 2 39,2,"{'Move': 'e2e1', 'Centipawn': -18, 'Mate': None}"
2r1rk2/1p3p1p/6p1/PP6/3N1b2/R1P1pP2/6KP/2BnR3 b - - 3 39,2,"{'Move': 'd1c3', 'Centipawn': -21, 'Mate': None}"
3rr1k1/1p3ppp/7b/P7/1P1N4/2P1pP2/R3R1KP/2Bn4 w - - 13 35,3,"{'Move': 'a2c2', 'Centipawn': -9, 'Mate': None}"
3rr1k1/1p3ppp/7b/P7/1P1N4/2P1pP2/2R1R1KP/2Bn4 b - - 14 35,3,"{'Move': 'g7g6', 'Centipawn': -13, 'Mate': None}"
3rr1k1/1p3p1p/6pb/P7/1P1N4/2P1pP2/2R1R1KP/2Bn4 w - - 0 36,3,"{'Move': 'e2e1', 'Centipawn': -11, 'Mate': None}"
3rr1k1/1p3p1p/6pb/P7/1P1N4/2P1pP2/2R3KP/2BnR3 b - - 1 36,3,"{'Move': 'd1c3', 'Centipawn': -9, 'Mate': None}"
3rr1k1/1p3p1p/6pb/P7/1P1N4/2n1pP2/2R3KP/2B1R3 w - - 0 37,3,"{'Move': 'c2c3', 'Centipawn': -10, 'Mate': None}"
3rr1k1/1p3p1p/6pb/P7/1P1N4/2R1pP2/6KP/2B1R3 b - - 0 37,3,"{'Move': 'd8d4', 'Centipawn': -12, 'Mate': None}"
4r1k1/1p3p1p/6pb/P7/1P1r4/2R1pP2/6KP/2B1R3 w - - 0 38,3,"{'Move': 'c1e3', 'Centipawn': -7, 'Mate': None}"
4r1k1/1p3p1p/6pb/P7/1P1r4/2R1BP2/6KP/4R3 b - - 0 38,3,"{'Move': 'e8e3', 'Centipawn': -7, 'Mate': None}"
6k1/1p3p1p/6pb/P7/1P1r4/2R1rP2/6KP/4R3 w - - 0 39,3,"{'Move': 'c3e3', 'Centipawn': -11, 'Mate': None}"
6k1/1p3p1p/6pb/P7/1P1r4/4RP2/6KP/4R3 b - - 0 39,3,"{'Move': 'h6e3', 'Centipawn': -10, 'Mate': None}"
3r2k1/1p3ppp/7b/P3r3/1P1N3P/2PnpP2/R3R1K1/2B5 w - - 1 36,1,"{'Move': 'a2a1', 'Centipawn': -248, 'Mate': None}"
3r2k1/1p3ppp/7b/P3r3/1P1N3P/2PnpP2/4R1K1/R1B5 b - - 2 36,1,"{'Move': 'd3f4', 'Centipawn': -232, 'Mate': None}"
3r2k1/1p3ppp/7b/P3r3/1P1N1n1P/2P1pP2/4R1K1/R1B5 w - - 3 37,1,"{'Move': 'g2f1', 'Centipawn': -261, 'Mate': None}"
3r2k1/1p3ppp/7b/P3r3/1P1N1n1P/2P1pP2/4R3/R1B2K2 b - - 4 37,1,"{'Move': 'f4e2', 'Centipawn': -240, 'Mate': None}"
3r2k1/1p3ppp/7b/P3r3/1P1N3P/2P1pP2/4n3/R1B2K2 w - - 0 38,1,"{'Move': 'f1e2', 'Centipawn': -246, 'Mate': None}"
3r2k1/1p3ppp/7b/P3r3/1P1N3P/2P1pP2/4K3/R1B5 b - - 0 38,1,"{'Move': 'e5h5', 'Centipawn': -248, 'Mate': None}"
3r2k1/1p3ppp/7b/P6r/1P1N3P/2P1pP2/4K3/R1B5 w - - 1 39,1,"{'Move': 'b4b5', 'Centipawn': -260, 'Mate': None}"
3r2k1/1p3ppp/7b/PP5r/3N3P/2P1pP2/4K3/R1B5 b - - 0 39,1,"{'Move': 'h5h4', 'Centipawn': -231, 'Mate': None}"
3r2k1/1p3ppp/7b/PP6/3N3r/2P1pP2/4K3/R1B5 w - - 0 40,1,"{'Move': 'c1e3', 'Centipawn': -256, 'Mate': None}"
3r2k1/1p3ppp/7b/PP6/3N3r/2P1BP2/4K3/R7 b - - 0 40,1,"{'Move': 'd8e8', 'Centipawn': -271, 'Mate': None}"
3r2k1/1p3ppp/7b/P3r3/1P1N3P/2P1pP2/R3R1K1/2Bn4 w - - 1 36,2,"{'Move': 'a2c2', 'Centipawn': 0, 'Mate': None}"
3r2k1/1p3ppp/7b/P3r3/1P1N3P/2P1pP2/2R1R1K1/2Bn4 b - - 2 36,2,"{'Move': 'e5e8', 'Centipawn': 0, 'Mate': None}"
3rr1k1/1p3ppp/7b/P7/1P1N3P/2P1pP2/2R1R1K1/2Bn4 w - - 3 37,2,"{'Move': 'b4b5', 'Centipawn': 0, 'Mate': None}"
3rr1k1/1p3ppp/7b/PP6/3N3P/2P1pP2/2R1R1K1/2Bn4 b - - 0 37,2,"{'Move': 'g7g6', 'Centipawn': 0, 'Mate': None}"
3rr1k1/1p3p1p/6pb/PP6/3N3P/2P1pP2/2R1R1K1/2Bn4 w - - 0 38,2,"{'Move': 'e2e1', 'Centipawn': 0, 'Mate': None}"
3rr1k1/1p3p1p/6pb/PP6/3N3P/2P1pP2/2R3K1/2BnR3 b - - 1 38,2,"{'Move': 'd1c3', 'Centipawn': 0, 'Mate': None}"
3rr1k1/1p3p1p/6pb/PP6/3N3P/2n1pP2/2R3K1/2B1R3 w - - 0 39,2,"{'Move': 'c2c3', 'Centipawn': 0, 'Mate': None}"
3rr1k1/1p3p1p/6pb/PP6/3N3P/2R1pP2/6K1/2B1R3 b - - 0 39,2,"{'Move': 'd8d4', 'Centipawn': 0, 'Mate': None}"
4r1k1/1p3p1p/6pb/PP6/3r3P/2R1pP2/6K1/2B1R3 w - - 0 40,2,"{'Move': 'c1e3', 'Centipawn': 0, 'Mate': None}"
4r1k1/1p3p1p/6pb/PP6/3r3P/2R1BP2/6K1/4R3 b - - 0 40,2,"{'Move': 'e8e3', 'Centipawn': 0, 'Mate': None}"
3rr1k1/1p3ppp/7b/P7/1P1N3P/2P1pP2/R3RnK1/2B5 w - - 1 36,3,"{'Move': 'd4f5', 'Centipawn': 4, 'Mate': None}"
3rr1k1/1p3ppp/7b/P4N2/1P5P/2P1pP2/R3RnK1/2B5 b - - 2 36,3,"{'Move': 'f2d1', 'Centipawn': 19, 'Mate': None}"
3rr1k1/1p3ppp/7b/P4N2/1P5P/2P1pP2/R3R1K1/2Bn4 w - - 3 37,3,"{'Move': 'f5h6', 'Centipawn': 2, 'Mate': None}"
3rr1k1/1p3ppp/7N/P7/1P5P/2P1pP2/R3R1K1/2Bn4 b - - 0 37,3,"{'Move': 'g7h6', 'Centipawn': 2, 'Mate': None}"
3rr1k1/1p3p1p/7p/P7/1P5P/2P1pP2/R3R1K1/2Bn4 w - - 0 38,3,"{'Move': 'a2a3', 'Centipawn': 3, 'Mate': None}"
3rr1k1/1p3p1p/7p/P7/1P5P/R1P1pP2/4R1K1/2Bn4 b - - 1 38,3,"{'Move': 'f7f5', 'Centipawn': 1, 'Mate': None}"
3rr1k1/1p5p/7p/P4p2/1P5P/R1P1pP2/4R1K1/2Bn4 w - - 0 39,3,"{'Move': 'f3f4', 'Centipawn': 7, 'Mate': None}"
3rr1k1/1p5p/7p/P4p2/1P3P1P/R1P1p3/4R1K1/2Bn4 b - - 0 39,3,"{'Move': 'e8e4', 'Centipawn': 0, 'Mate': None}"
3r2k1/1p5p/7p/P4p2/1P2rP1P/R1P1p3/4R1K1/2Bn4 w - - 1 40,3,"{'Move': 'g2f3', 'Centipawn': 0, 'Mate': None}"
3r2k1/1p5p/7p/P4p2/1P2rP1P/R1P1pK2/4R3/2Bn4 b - - 2 40,3,"{'Move': 'e4c4', 'Centipawn': 3, 'Mate': None}"
6k1/1p3ppp/6rb/PP2r3/3N3P/2P1pP1n/R3R3/2B2K2 w - - 3 38,1,"{'Move': 'e2g2', 'Centipawn': 315, 'Mate': None}"
6k1/1p3ppp/6rb/PP2r3/3N3P/2P1pP1n/R5R1/2B2K2 b - - 4 38,1,"{'Move': 'e3e2', 'Centipawn': 312, 'Mate': None}"
6k1/1p3ppp/6rb/PP2r3/3N3P/2P2P1n/R3p1R1/2B2K2 w - - 0 39,1,"{'Move': 'a2e2', 'Centipawn': 358, 'Mate': None}"
6k1/1p3ppp/6rb/PP2r3/3N3P/2P2P1n/4R1R1/2B2K2 b - - 0 39,1,"{'Move': 'e5e2', 'Centipawn': 366, 'Mate': None}"
6k1/1p3ppp/6rb/PP6/3N3P/2P2P1n/4r1R1/2B2K2 w - - 0 40,1,"{'Move': 'd4e2', 'Centipawn': 350, 'Mate': None}"
6k1/1p3ppp/6rb/PP6/7P/2P2P1n/4N1R1/2B2K2 b - - 0 40,1,"{'Move': 'g6d6', 'Centipawn': 352, 'Mate': None}"
6k1/1p3ppp/3r3b/PP6/7P/2P2P1n/4N1R1/2B2K2 w - - 1 41,1,"{'Move': 'f1e1', 'Centipawn': 354, 'Mate': None}"
6k1/1p3ppp/3r3b/PP6/7P/2P2P1n/4N1R1/2B1K3 b - - 2 41,1,"{'Move': 'h6c1', 'Centipawn': 343, 'Mate': None}"
6k1/1p3ppp/3r4/PP6/7P/2P2P1n/4N1R1/2b1K3 w - - 0 42,1,"{'Move': 'e2c1', 'Centipawn': 354, 'Mate': None}"
6k1/1p3ppp/3r4/PP6/7P/2P2P1n/6R1/2N1K3 b - - 0 42,1,"{'Move': 'g8f8', 'Centipawn': 360, 'Mate': None}"
6k1/1p3ppp/6rb/PP2r3/3N3P/2P1pP2/R3R3/2B2K1n w - - 3 38,2,"{'Move': 'e2g2', 'Centipawn': 328, 'Mate': None}"
6k1/1p3ppp/6rb/PP2r3/3N3P/2P1pP2/R5R1/2B2K1n b - - 4 38,2,"{'Move': 'h1g3', 'Centipawn': 326, 'Mate': None}"
6k1/1p3ppp/6rb/PP2r3/3N3P/2P1pPn1/R5R1/2B2K2 w - - 5 39,2,"{'Move': 'f1e1', 'Centipawn': 362, 'Mate': None}"
6k1/1p3ppp/6rb/PP2r3/3N3P/2P1pPn1/R5R1/2B1K3 b - - 6 39,2,"{'Move': 'e5h5', 'Centipawn': 329, 'Mate': None}"
6k1/1p3ppp/6rb/PP5r/3N3P/2P1pPn1/R5R1/2B1K3 w - - 7 40,2,"{'Move': 'a5a6', 'Centipawn': 398, 'Mate': None}"
6k1/1p3ppp/P5rb/1P5r/3N3P/2P1pPn1/R5R1/2B1K3 b - - 0 40,2,"{'Move': 'b7a6', 'Centipawn': 401, 'Mate': None}"
6k1/5ppp/p5rb/1P5r/3N3P/2P1pPn1/R5R1/2B1K3 w - - 0 41,2,"{'Move': 'b5a6', 'Centipawn': 393, 'Mate': None}"
6k1/5ppp/P5rb/7r/3N3P/2P1pPn1/R5R1/2B1K3 b - - 0 41,2,"{'Move': 'h5h4', 'Centipawn': 405, 'Mate': None}"
6k1/5ppp/P5rb/8/3N3r/2P1pPn1/R5R1/2B1K3 w - - 0 42,2,"{'Move': 'g2g1', 'Centipawn': 336, 'Mate': None}"
6k1/5ppp/P5rb/8/3N3r/2P1pPn1/R7/2B1K1R1 b - - 1 42,2,"{'Move': 'g3f5', 'Centipawn': 321, 'Mate': None}"
4r1k1/1p3ppp/6rb/PP6/3N3P/2P1pP2/R3Rn2/2B2K2 w - - 3 38,3,"{'Move': 'h4h5', 'Centipawn': 366, 'Mate': None}"
4r1k1/1p3ppp/6rb/PP5P/3N4/2P1pP2/R3Rn2/2B2K2 b - - 0 38,3,"{'Move': 'g6d6', 'Centipawn': 350, 'Mate': None}"
4r1k1/1p3ppp/3r3b/PP5P/3N4/2P1pP2/R3Rn2/2B2K2 w - - 1 39,3,"{'Move': 'a5a6', 'Centipawn': 369, 'Mate': None}"
4r1k1/1p3ppp/P2r3b/1P5P/3N4/2P1pP2/R3Rn2/2B2K2 b - - 0 39,3,"{'Move': 'b7a6', 'Centipawn': 344, 'Mate': None}"
4r1k1/5ppp/p2r3b/1P5P/3N4/2P1pP2/R3Rn2/2B2K2 w - - 0 40,3,"{'Move': 'b5a6', 'Centipawn': 371, 'Mate': None}"
4r1k1/5ppp/P2r3b/7P/3N4/2P1pP2/R3Rn2/2B2K2 b - - 0 40,3,"{'Move': 'f2d1', 'Centipawn': 379, 'Mate': None}"
4r1k1/5ppp/P2r3b/7P/3N4/2P1pP2/R3R3/2Bn1K2 w - - 1 41,3,"{'Move': 'd4f5', 'Centipawn': 392, 'Mate': None}"
4r1k1/5ppp/P2r3b/5N1P/8/2P1pP2/R3R3/2Bn1K2 b - - 2 41,3,"{'Move': 'd6e6', 'Centipawn': 393, 'Mate': None}"
4r1k1/5ppp/P3r2b/5N1P/8/2P1pP2/R3R3/2Bn1K2 w - - 3 42,3,"{'Move': 'a6a7', 'Centipawn': 409, 'Mate': None}"
4r1k1/P4ppp/4r2b/5N1P/8/2P1pP2/R3R3/2Bn1K2 b - - 0 42,3,"{'Move': 'e8a8', 'Centipawn': 415, 'Mate': None}"
6k1/1p4pp/6r1/PP3p1r/3N3P/2P1RP2/R4n2/5K2 w - - 0 40,1,"{'Move': 'a2f2', 'Centipawn': 552, 'Mate': None}"
6k1/1p4pp/6r1/PP3p1r/3N3P/2P1RP2/5R2/5K2 b - - 0 40,1,"{'Move': 'h5h4', 'Centipawn': 557, 'Mate': None}"
6k1/1p4pp/6r1/PP3p2/3N3r/2P1RP2/5R2/5K2 w - - 0 41,1,"{'Move': 'e3e8', 'Centipawn': 554, 'Mate': None}"
4R1k1/1p4pp/6r1/PP3p2/3N3r/2P2P2/5R2/5K2 b - - 1 41,1,"{'Move': 'g8f7', 'Centipawn': 562, 'Mate': None}"
4R3/1p3kpp/6r1/PP3p2/3N3r/2P2P2/5R2/5K2 w - - 2 42,1,"{'Move': 'e8b8', 'Centipawn': 563, 'Mate': None}"
1R6/1p3kpp/6r1/PP3p2/3N3r/2P2P2/5R2/5K2 b - - 3 42,1,"{'Move': 'h4h1', 'Centipawn': 564, 'Mate': None}"
1R6/1p3kpp/6r1/PP3p2/3N4/2P2P2/5R2/5K1r w - - 4 43,1,"{'Move': 'f1e2', 'Centipawn': 578, 'Mate': None}"
1R6/1p3kpp/6r1/PP3p2/3N4/2P2P2/4KR2/7r b - - 5 43,1,"{'Move': 'h1a1', 'Centipawn': 574, 'Mate': None}"
1R6/1p3kpp/6r1/PP3p2/3N4/2P2P2/4KR2/r7 w - - 6 44,1,"{'Move': 'b8b7', 'Centipawn': 591, 'Mate': None}"
8/1R3kpp/6r1/PP3p2/3N4/2P2P2/4KR2/r7 b - - 0 44,1,"{'Move': 'f7e8', 'Centipawn': 585, 'Mate': None}"
6k1/1p3pp1/6rp/PP5r/3N3P/2P1RP2/R4n2/5K2 w - - 0 40,2,"{'Move': 'f1f2', 'Centipawn': 557, 'Mate': None}"
6k1/1p3pp1/6rp/PP5r/3N3P/2P1RP2/R4K2/8 b - - 0 40,2,"{'Move': 'h5h4', 'Centipawn': 561, 'Mate': None}"
6k1/1p3pp1/6rp/PP6/3N3r/2P1RP2/R4K2/8 w - - 0 41,2,"{'Move': 'e3e2', 'Centipawn': 538, 'Mate': None}"
6k1/1p3pp1/6rp/PP6/3N3r/2P2P2/R3RK2/8 b - - 1 41,2,"{'Move': 'h4h5', 'Centipawn': 564, 'Mate': None}"
6k1/1p3pp1/6rp/PP5r/3N4/2P2P2/R3RK2/8 w - - 2 42,2,"{'Move': 'a5a6', 'Centipawn': 583, 'Mate': None}"
6k1/1p3pp1/P5rp/1P5r/3N4/2P2P2/R3RK2/8 b - - 0 42,2,"{'Move': 'b7a6', 'Centipawn': 582, 'Mate': None}"
6k1/5pp1/p5rp/1P5r/3N4/2P2P2/R3RK2/8 w - - 0 43,2,"{'Move': 'b5a6', 'Centipawn': 580, 'Mate': None}"
6k1/5pp1/P5rp/7r/3N4/2P2P2/R3RK2/8 b - - 0 43,2,"{'Move': 'g6a6', 'Centipawn': 582, 'Mate': None}"
6k1/5pp1/r6p/7r/3N4/2P2P2/R3RK2/8 w - - 0 44,2,"{'Move': 'a2a6', 'Centipawn': 597, 'Mate': None}"
6k1/5pp1/R6p/7r/3N4/2P2P2/4RK2/8 b - - 0 44,2,"{'Move': 'h5c5', 'Centipawn': 590, 'Mate': None}"
6k1/1p4pp/5pr1/PP5r/3N3P/2P1RP2/R4n2/5K2 w - - 0 40,3,"{'Move': 'a2f2', 'Centipawn': 583, 'Mate': None}"
6k1/1p4pp/5pr1/PP5r/3N3P/2P1RP2/5R2/5K2 b - - 0 40,3,"{'Move': 'h5e5', 'Centipawn': 590, 'Mate': None}"
6k1/1p4pp/5pr1/PP2r3/3N3P/2P1RP2/5R2/5K2 w - - 1 41,3,"{'Move': 'f2e2', 'Centipawn': 577, 'Mate': None}"
6k1/1p4pp/5pr1/PP2r3/3N3P/2P1RP2/4R3/5K2 b - - 2 41,3,"{'Move': 'g6h6', 'Centipawn': 598, 'Mate': None}"
6k1/1p4pp/5p1r/PP2r3/3N3P/2P1RP2/4R3/5K2 w - - 3 42,3,"{'Move': 'e3e5', 'Centipawn': 582, 'Mate': None}"
6k1/1p4pp/5p1r/PP2R3/3N3P/2P2P2/4R3/5K2 b - - 0 42,3,"{'Move': 'f6e5', 'Centipawn': 611, 'Mate': None}"
6k1/1p4pp/7r/PP2p3/3N3P/2P2P2/4R3/5K2 w - - 0 43,3,"{'Move': 'e2e5', 'Centipawn': 596, 'Mate': None}"
6k1/1p4pp/7r/PP2R3/3N3P/2P2P2/8/5K2 b - - 0 43,3,"{'Move': 'g7g5', 'Centipawn': 605, 'Mate': None}"
6k1/1p5p/7r/PP2R1p1/3N3P/2P2P2/8/5K2 w - - 0 44,3,"{'Move': 'f1g2', 'Centipawn': 630, 'Mate': None}"
6k1/1p5p/7r/PP2R1p1/3N3P/2P2P2/6K1/8 b - - 1 44,3,"{'Move': 'g8f7', 'Centipawn': 632, 'Mate': None}"
r2qkb1r/pp1n1ppp/5n2/2pp4/3P4/5N2/PPP2PPP/RNBQR1K1 b kq - 1 8,1,"{'Move': 'f8e7', 'Centipawn': 140, 'Mate': None}"
r2qk2r/pp1nbppp/5n2/2pp4/3P4/5N2/PPP2PPP/RNBQR1K1 w kq - 2 9,1,"{'Move': 'd1e2', 'Centipawn': 147, 'Mate': None}"
r2qk2r/pp1nbppp/5n2/2pp4/3P4/5N2/PPP1QPPP/RNB1R1K1 b kq - 3 9,1,"{'Move': 'd7f8', 'Centipawn': 136, 'Mate': None}"
r2qkn1r/pp2bppp/5n2/2pp4/3P4/5N2/PPP1QPPP/RNB1R1K1 w kq - 4 10,1,"{'Move': 'd4c5', 'Centipawn': 136, 'Mate': None}"
r2qkn1r/pp2bppp/5n2/2Pp4/8/5N2/PPP1QPPP/RNB1R1K1 b kq - 0 10,1,"{'Move': 'f8e6', 'Centipawn': 137, 'Mate': None}"
r2qk2r/pp2bppp/4nn2/2Pp4/8/5N2/PPP1QPPP/RNB1R1K1 w kq - 1 11,1,"{'Move': 'e2b5', 'Centipawn': 140, 'Mate': None}"
r2qk2r/pp2bppp/4nn2/1QPp4/8/5N2/PPP2PPP/RNB1R1K1 b kq - 2 11,1,"{'Move': 'd8d7', 'Centipawn': 143, 'Mate': None}"
r3k2r/pp1qbppp/4nn2/1QPp4/8/5N2/PPP2PPP/RNB1R1K1 w kq - 3 12,1,"{'Move': 'b5d7', 'Centipawn': 147, 'Mate': None}"
r3k2r/pp1Qbppp/4nn2/2Pp4/8/5N2/PPP2PPP/RNB1R1K1 b kq - 0 12,1,"{'Move': 'f6d7', 'Centipawn': 133, 'Mate': None}"
r3k2r/pp1nbppp/4n3/2Pp4/8/5N2/PPP2PPP/RNB1R1K1 w kq - 0 13,1,"{'Move': 'b1c3', 'Centipawn': 141, 'Mate': None}"
r3rbk1/pp3ppp/1nq5/3p4/1P1Nn3/2P2N2/PB3PPP/2RQR1K1 b - - 14 18,1,"{'Move': 'c6d7', 'Centipawn': -101, 'Mate': None}"
r3rbk1/pp1q1ppp/1n6/3p4/1P1Nn3/2P2N2/PB3PPP/2RQR1K1 w - - 15 19,1,"{'Move': 'c1c2', 'Centipawn': -101, 'Mate': None}"
r3rbk1/pp1q1ppp/1n6/3p4/1P1Nn3/2P2N2/PBR2PPP/3QR1K1 b - - 16 19,1,"{'Move': 'b6a4', 'Centipawn': -103, 'Mate': None}"
r3rbk1/pp1q1ppp/8/3p4/nP1Nn3/2P2N2/PBR2PPP/3QR1K1 w - - 17 20,1,"{'Move': 'b2a1', 'Centipawn': -106, 'Mate': None}"
r3rbk1/pp1q1ppp/8/3p4/nP1Nn3/2P2N2/P1R2PPP/B2QR1K1 b - - 18 20,1,"{'Move': 'a8c8', 'Centipawn': -105, 'Mate': None}"
2r1rbk1/pp1q1ppp/8/3p4/nP1Nn3/2P2N2/P1R2PPP/B2QR1K1 w - - 19 21,1,"{'Move': 'd1d3', 'Centipawn': -108, 'Mate': None}"
2r1rbk1/pp1q1ppp/8/3p4/nP1Nn3/2PQ1N2/P1R2PPP/B3R1K1 b - - 20 21,1,"{'Move': 'a7a6', 'Centipawn': -114, 'Mate': None}"
2r1rbk1/1p1q1ppp/p7/3p4/nP1Nn3/2PQ1N2/P1R2PPP/B3R1K1 w - - 0 22,1,"{'Move': 'e1d1', 'Centipawn': -112, 'Mate': None}"
2r1rbk1/1p1q1ppp/p7/3p4/nP1Nn3/2PQ1N2/P1R2PPP/B2R2K1 b - - 1 22,1,"{'Move': 'g7g6', 'Centipawn': -119, 'Mate': None}"
2r1rbk1/1p1q1p1p/p5p1/3p4/nP1Nn3/2PQ1N2/P1R2PPP/B2R2K1 w - - 0 23,1,"{'Move': 'g2g3', 'Centipawn': -112, 'Mate': None}"
r1q1rbk1/1p3ppp/8/3p4/pPnNP3/2P5/6PP/B1RQR1K1 w - - 0 23,1,"{'Move': 'e4d5', 'Centipawn': -376, 'Mate': None}"
r1q1rbk1/1p3ppp/8/3P4/pPnN4/2P5/6PP/B1RQR1K1 b - - 0 23,1,"{'Move': 'e8e1', 'Centipawn': -360, 'Mate': None}"
r1q2bk1/1p3ppp/8/3P4/pPnN4/2P5/6PP/B1RQr1K1 w - - 0 24,1,"{'Move': 'd1e1', 'Centipawn': -371, 'Mate': None}"
r1q2bk1/1p3ppp/8/3P4/pPnN4/2P5/6PP/B1R1Q1K1 b - - 0 24,1,"{'Move': 'c8d7', 'Centipawn': -375, 'Mate': None}"
r4bk1/1p1q1ppp/8/3P4/pPnN4/2P5/6PP/B1R1Q1K1 w - - 1 25,1,"{'Move': 'e1f2', 'Centipawn': -372, 'Mate': None}"
r4bk1/1p1q1ppp/8/3P4/pPnN4/2P5/5QPP/B1R3K1 b - - 2 25,1,"{'Move': 'g7g6', 'Centipawn': -369, 'Mate': None}"
r4bk1/1p1q1p1p/6p1/3P4/pPnN4/2P5/5QPP/B1R3K1 w - - 0 26,1,"{'Move': 'c1e1', 'Centipawn': -376, 'Mate': None}"
r4bk1/1p1q1p1p/6p1/3P4/pPnN4/2P5/5QPP/B3R1K1 b - - 1 26,1,"{'Move': 'a8e8', 'Centipawn': -407, 'Mate': None}"
4rbk1/1p1q1p1p/6p1/3P4/pPnN4/2P5/5QPP/B3R1K1 w - - 2 27,1,"{'Move': 'e1d1', 'Centipawn': -417, 'Mate': None}"
r3rbk1/1p3ppp/8/P7/1P1N4/2P1p3/3n1qPP/B1RQR2K w - - 5 27,1,"{'Move': 'g2g3', 'Centipawn': -281, 'Mate': None}"
r3rbk1/1p3ppp/8/P7/1P1N4/2P1p1P1/3n1q1P/B1RQR2K b - - 0 27,1,"{'Move': 'f2f6', 'Centipawn': -269, 'Mate': None}"
r3rbk1/1p3ppp/5q2/P7/1P1N4/2P1p1P1/3n3P/B1RQR2K w - - 1 28,1,"{'Move': 'd1e2', 'Centipawn': -281, 'Mate': None}"
r3rbk1/1p3ppp/5q2/P7/1P1N4/2P1p1P1/3nQ2P/B1R1R2K b - - 2 28,1,"{'Move': 'g7g6', 'Centipawn': -285, 'Mate': None}"
r3rbk1/1p3p1p/5qp1/P7/1P1N4/2P1p1P1/3nQ2P/B1R1R2K w - - 0 29,1,"{'Move': 'e2g2', 'Centipawn': -278, 'Mate': None}"
r3rbk1/1p3p1p/5qp1/P7/1P1N4/2P1p1P1/3n2QP/B1R1R2K b - - 1 29,1,"{'Move': 'f6e7', 'Centipawn': -285, 'Mate': None}"
r3rbk1/1p2qp1p/6p1/P7/1P1N4/2P1p1P1/3n2QP/B1R1R2K w - - 2 30,1,"{'Move': 'c1d1', 'Centipawn': -293, 'Mate': None}"
3rrbk1/1p4pp/8/P4p2/1PnN4/2P1pP2/7P/B1R1R2K w - - 0 29,1,"{'Move': 'h1g2', 'Centipawn': -260, 'Mate': None}"
3rrbk1/1p4pp/8/P4p2/1PnN4/2P1pP2/6KP/B1R1R3 b - - 1 29,1,"{'Move': 'f5f4', 'Centipawn': -267, 'Mate': None}"
3rrbk1/1p4pp/8/P7/1PnN1p2/2P1pP2/6KP/B1R1R3 w - - 0 30,1,"{'Move': 'c1c2', 'Centipawn': -258, 'Mate': None}"
3rrbk1/1p4pp/8/P7/1PnN1p2/2P1pP2/2R3KP/B3R3 b - - 1 30,1,"{'Move': 'd8d5', 'Centipawn': -288, 'Mate': None}"
4rbk1/1p4pp/8/P2r4/1PnN1p2/2P1pP2/2R3KP/B3R3 w - - 2 31,1,"{'Move': 'c2a2', 'Centipawn': -270, 'Mate': None}"
4rbk1/1p4pp/8/P2r4/1PnN1p2/2P1pP2/R5KP/B3R3 b - - 3 31,1,"{'Move': 'f8e7', 'Centipawn': -299, 'Mate': None}"
4r1k1/1p2b1pp/8/P2r4/1PnN1p2/2P1pP2/R5KP/B3R3 w - - 4 32,1,"{'Move': 'b4b5', 'Centipawn': -292, 'Mate': None}"
4r1k1/1p2b1pp/8/PP1r4/2nN1p2/2P1pP2/R5KP/B3R3 b - - 0 32,1,"{'Move': 'e7a3', 'Centipawn': -315, 'Mate': None}"
4r1k1/1p4pp/8/PP1r4/2nN1p2/b1P1pP2/R5KP/B3R3 w - - 1 33,1,"{'Move': 'g2f1', 'Centipawn': -306, 'Mate': None}"
3rr1k1/1p3ppp/8/P3n1b1/1P1N4/2P1pP2/1BR4P/6RK b - - 6 31,1,"{'Move': 'h7h6', 'Centipawn': -175, 'Mate': None}"
3rr1k1/1p3pp1/7p/P3n1b1/1P1N4/2P1pP2/1BR4P/6RK w - - 0 32,1,"{'Move': 'b4b5', 'Centipawn': -218, 'Mate': None}"
3rr1k1/1p3pp1/7p/PP2n1b1/3N4/2P1pP2/1BR4P/6RK b - - 0 32,1,"{'Move': 'e5d3', 'Centipawn': -217, 'Mate': None}"
3rr1k1/1p3pp1/7p/PP4b1/3N4/2PnpP2/1BR4P/6RK w - - 1 33,1,"{'Move': 'b2c1', 'Centipawn': -187, 'Mate': None}"
3rr1k1/1p3pp1/7p/PP4b1/3N4/2PnpP2/2R4P/2B3RK b - - 2 33,1,"{'Move': 'd3f4', 'Centipawn': -203, 'Mate': None}"
3rr1k1/1p3pp1/7p/PP4b1/3N1n2/2P1pP2/2R4P/2B3RK w - - 3 34,1,"{'Move': 'g1e1', 'Centipawn': -211, 'Mate': None}"
3rr1k1/1p3pp1/7p/PP4b1/3N1n2/2P1pP2/2R4P/2B1R2K b - - 4 34,1,"{'Move': 'f4d3', 'Centipawn': -201, 'Mate': None}"
3rr1k1/1p3pp1/7p/PP4b1/3N4/2PnpP2/2R4P/2B1R2K w - - 5 35,1,"{'Move': 'e1g1', 'Centipawn': -187, 'Mate': None}"
3rr1k1/1p3pp1/7p/PP4b1/3N4/2PnpP2/2R4P/2B3RK b - - 6 35,1,"{'Move': 'f7f5', 'Centipawn': -190, 'Mate': None}"
3rr1k1/1p4p1/7p/PP3pb1/3N4/2PnpP2/2R4P/2B3RK w - - 0 36,1,"{'Move': 'a5a6', 'Centipawn': -207, 'Mate': None}"
3rr1k1/1p3ppp/7b/P4N2/1P6/2P1pP2/2R1RnKP/2B5 b - - 12 34,1,"{'Move': 'f2d1', 'Centipawn': 179, 'Mate': None}"
3rr1k1/1p3ppp/7b/P4N2/1P6/2P1pP2/2R1R1KP/2Bn4 w - - 13 35,1,"{'Move': 'f5h6', 'Centipawn': 210, 'Mate': None}"
3rr1k1/1p3ppp/7N/P7/1P6/2P1pP2/2R1R1KP/2Bn4 b - - 0 35,1,"{'Move': 'g7h6', 'Centipawn': 178, 'Mate': None}"
3rr1k1/1p3p1p/7p/P7/1P6/2P1pP2/2R1R1KP/2Bn4 w - - 0 36,1,"{'Move': 'b4b5', 'Centipawn': 178, 'Mate': None}"
3rr1k1/1p3p1p/7p/PP6/8/2P1pP2/2R1R1KP/2Bn4 b - - 0 36,1,"{'Move': 'd8d3', 'Centipawn': 210, 'Mate': None}"
4r1k1/1p3p1p/7p/PP6/8/2PrpP2/2R1R1KP/2Bn4 w - - 1 37,1,"{'Move': 'c3c4', 'Centipawn': 188, 'Mate': None}"
4r1k1/1p3p1p/7p/PP6/2P5/3rpP2/2R1R1KP/2Bn4 b - - 0 37,1,"{'Move': 'd1c3', 'Centipawn': 215, 'Mate': None}"
4r1k1/1p3p1p/7p/PP6/2P5/2nrpP2/2R1R1KP/2B5 w - - 1 38,1,"{'Move': 'e2e1', 'Centipawn': 180, 'Mate': None}"
4r1k1/1p3p1p/7p/PP6/2P5/2nrpP2/2R3KP/2B1R3 b - - 2 38,1,"{'Move': 'f7f5', 'Centipawn': 198, 'Mate': None}"
4r1k1/1p5p/7p/PP3p2/2P5/2nrpP2/2R3KP/2B1R3 w - - 0 39,1,"{'Move': 'b5b6', 'Centipawn': 221, 'Mate': None}"
3r2k1/1p3ppp/7b/P3r3/1P1N1P2/2P1p3/R3RnKP/2B5 b - - 0 35,1,"{'Move': 'e5h5', 'Centipawn': 188, 'Mate': None}"
3r2k1/1p3ppp/7b/P6r/1P1N1P2/2P1p3/R3RnKP/2B5 w - - 1 36,1,"{'Move': 'e2e3', 'Centipawn': 204, 'Mate': None}"
3r2k1/1p3ppp/7b/P6r/1P1N1P2/2P1R3/R4nKP/2B5 b - - 0 36,1,"{'Move': 'h6f4', 'Centipawn': 207, 'Mate': None}"
3r2k1/1p3ppp/8/P6r/1P1N1b2/2P1R3/R4nKP/2B5 w - - 0 37,1,"{'Move': 'a2f2', 'Centipawn': 207, 'Mate': None}"
3r2k1/1p3ppp/8/P6r/1P1N1b2/2P1R3/5RKP/2B5 b - - 0 37,1,"{'Move': 'h5h2', 'Centipawn': 205, 'Mate': None}"
3r2k1/1p3ppp/8/P7/1P1N1b2/2P1R3/5RKr/2B5 w - - 0 38,1,"{'Move': 'g2g1', 'Centipawn': 206, 'Mate': None}"
3r2k1/1p3ppp/8/P7/1P1N1b2/2P1R3/5R1r/2B3K1 b - - 1 38,1,"{'Move': 'f4e3', 'Centipawn': 208, 'Mate': None}"
3r2k1/1p3ppp/8/P7/1P1N4/2P1b3/5R1r/2B3K1 w - - 0 39,1,"{'Move': 'c1e3', 'Centipawn': 210, 'Mate': None}"
3r2k1/1p3ppp/8/P7/1P1N4/2P1B3/5R1r/6K1 b - - 0 39,1,"{'Move': 'h2h3', 'Centipawn': 200, 'Mate': None}"
3r2k1/1p3ppp/8/P7/1P1N4/2P1B2r/5R2/6K1 w - - 1 40,1,"{'Move': 'd4f5', 'Centipawn': 215, 'Mate': None}"
6k1/1p3ppp/3r3b/P3r3/1P1N1P1P/2P1p3/R3RnK1/2B5 b - - 0 36,1,"{'Move': 'd6g6', 'Centipawn': 307, 'Mate': None}"
6k1/1p3ppp/6rb/P3r3/1P1N1P1P/2P1p3/R3RnK1/2B5 w - - 1 37,1,"{'Move': 'g2f3', 'Centipawn': 308, 'Mate': None}"
6k1/1p3ppp/6rb/P3r3/1P1N1P1P/2P1pK2/R3Rn2/2B5 b - - 2 37,1,"{'Move': 'h6f4', 'Centipawn': 317, 'Mate': None}"
6k1/1p3ppp/6r1/P3r3/1P1N1b1P/2P1pK2/R3Rn2/2B5 w - - 0 38,1,"{'Move': 'c1e3', 'Centipawn': 324, 'Mate': None}"
6k1/1p3ppp/6r1/P3r3/1P1N1b1P/2P1BK2/R3Rn2/8 b - - 0 38,1,"{'Move': 'f4e3', 'Centipawn': 319, 'Mate': None}"
6k1/1p3ppp/6r1/P3r3/1P1N3P/2P1bK2/R3Rn2/8 w - - 0 39,1,"{'Move': 'e2e3', 'Centipawn': 297, 'Mate': None}"
6k1/1p3ppp/6r1/P3r3/1P1N3P/2P1RK2/R4n2/8 b - - 0 39,1,"{'Move': 'e5e3', 'Centipawn': 323, 'Mate': None}"
6k1/1p3ppp/6r1/P7/1P1N3P/2P1rK2/R4n2/8 w - - 0 40,1,"{'Move': 'f3e3', 'Centipawn': 311, 'Mate': None}"
6k1/1p3ppp/6r1/P7/1P1N3P/2P1K3/R4n2/8 b - - 0 40,1,"{'Move': 'f2d1', 'Centipawn': 335, 'Mate': None}"
6k1/1p3ppp/6r1/P7/1P1N3P/2P1K3/R7/3n4 w - - 1 41,1,"{'Move': 'e3d3', 'Centipawn': 315, 'Mate': None}"
6k1/1p3ppp/6rb/Pr6/3N3P/2P1BP2/R3Rn2/5K2 w - - 0 39,1,"{'Move': 'f1f2', 'Centipawn': 564, 'Mate': None}"
6k1/1p3ppp/6rb/Pr6/3N3P/2P1BP2/R3RK2/8 b - - 0 39,1,"{'Move': 'b5c5', 'Centipawn': 562, 'Mate': None}"
6k1/1p3ppp/6rb/P1r5/3N3P/2P1BP2/R3RK2/8 w - - 1 40,1,"{'Move': 'e3h6', 'Centipawn': 593, 'Mate': None}"
6k1/1p3ppp/6rB/P1r5/3N3P/2P2P2/R3RK2/8 b - - 0 40,1,"{'Move': 'g7h6', 'Centipawn': 576, 'Mate': None}"
6k1/1p3p1p/6rp/P1r5/3N3P/2P2P2/R3RK2/8 w - - 0 41,1,"{'Move': 'e2e7', 'Centipawn': 585, 'Mate': None}"
6k1/1p2Rp1p/6rp/P1r5/3N3P/2P2P2/R4K2/8 b - - 1 41,1,"{'Move': 'g6a6', 'Centipawn': 597, 'Mate': None}"
6k1/1p2Rp1p/r6p/P1r5/3N3P/2P2P2/R4K2/8 w - - 2 42,1,"{'Move': 'e7b7', 'Centipawn': 575, 'Mate': None}"
6k1/1R3p1p/r6p/P1r5/3N3P/2P2P2/R4K2/8 b - - 0 42,1,"{'Move': 'g8f8', 'Centipawn': 573, 'Mate': None}"
5k2/1R3p1p/r6p/P1r5/3N3P/2P2P2/R4K2/8 w - - 1 43,1,"{'Move': 'b7b8', 'Centipawn': 608, 'Mate': None}"
rnbqkbnr/pppppppp/8/8/3P4/8/PPP1PPPP/RNBQKBNR b KQkq - 0 1,1,"{'Move': 'd7d5', 'Centipawn': 24, 'Mate': None}"
rnbqkbnr/pppppppp/8/8/3P4/8/PPP1PPPP/RNBQKBNR b KQkq - 0 1,2,"{'Move': 'g8f6', 'Centipawn': 26, 'Mate': None}"
rnbqkbnr/pppppppp/8/8/3P4/8/PPP1PPPP/RNBQKBNR b KQkq - 0 1,3,"{'Move': 'c7c6', 'Centipawn': 34, 'Mate': None}"
rnbqkb1r/pppppppp/5n2/8/3P4/8/PPP1PPPP/RNBQKBNR w KQkq - 1 2,1,"{'Move': 'g1f3', 'Centipawn': 28, 'Mate': None}"
rnbqkb1r/pppppppp/5n2/8/3P4/8/PPP1PPPP/RNBQKBNR w KQkq - 1 2,2,"{'Move': 'c2c4', 'Centipawn': 27, 'Mate': None}"
rnbqkb1r/pppppppp/5n2/8/3P4/8/PPP1PPPP/RNBQKBNR w KQkq - 1 2,3,"{'Move': 'c1f4', 'Centipawn': 15, 'Mate': None}"
rnbqkb1r/pppppppp/5n2/8/3P4/5N2/PPP1PPPP/RNBQKB1R b KQkq - 2 2,1,"{'Move': 'e7e6', 'Centipawn': 20, 'Mate': None}"
rnbqkb1r/pppppppp/5n2/8/3P4/5N2/PPP1PPPP/RNBQKB1R b KQkq - 2 2,2,"{'Move': 'd7d5', 'Centipawn': 21, 'Mate': None}"
rnbqkb1r/pppppppp/5n2/8/3P4/5N2/PPP1PPPP/RNBQKB1R b KQkq - 2 2,3,"{'Move': 'c7c6', 'Centipawn': 32, 'Mate': None}"
